S1	E1	S2	E2	Reference	Contig	IDY	Ambiguous	Best_group
250558	270233	1	19676	FQ312003.1	contig_0	99.98		True
CONTIG	contig_0	19676	correct
3173632	3195483	21848	1	FQ312003.1	contig_1000000	99.97		True
CONTIG	contig_1000000	21848	correct
4249005	4267992	1	18988	FQ312003.1	contig_2000000	99.99		True
CONTIG	contig_2000000	18988	correct
2775633	2790787	1	15155	FQ312003.1	contig_3000000	99.99		True
CONTIG	contig_3000000	15155	correct
201516	220581	19065	1	FQ312003.1	contig_4000000	99.96		True
CONTIG	contig_4000000	19065	correct
17199	34402	1	17204	FQ312003.1	contig_5000000	99.98		True
CONTIG	contig_5000000	17204	correct
3994099	4007781	1	13685	FQ312003.1	contig_6000000	99.99		True
CONTIG	contig_6000000	13685	correct
686313	700815	1	14581	FQ312003.1	contig_7000000	99.45		True
CONTIG	contig_7000000	14581	correct
4179313	4194404	15092	1	FQ312003.1	contig_8000000	99.99		True
CONTIG	contig_8000000	15092	correct
3718193	3730870	1	12678	FQ312003.1	contig_9000000	100.0		True
CONTIG	contig_9000000	12678	correct
2742992	2755912	12921	1	FQ312003.1	contig_10000000	99.88		True
CONTIG	contig_10000000	12921	correct
2594003	2606852	1	12850	FQ312003.1	contig_11000000	100.0		True
CONTIG	contig_11000000	12850	correct
3817214	3817922	1	709	FQ312003.1	contig_12000000	99.72		True
inversion
3806142	3817922	12490	710	FQ312003.1	contig_12000000	99.97		True
CONTIG	contig_12000000	12490	misassembled
1164595	1176523	11929	1	FQ312003.1	contig_13000000	99.98		True
CONTIG	contig_13000000	12151	correct
3300270	3312582	12313	1	FQ312003.1	contig_14000000	99.99		True
CONTIG	contig_14000000	12313	correct
3371569	3383456	4	11894	FQ312003.1	contig_15000000	99.95		True
CONTIG	contig_15000000	11894	correct
1103323	1114433	1	11111	FQ312003.1	contig_16000000	99.97		True
CONTIG	contig_16000000	11111	correct
2357464	2369258	1	11795	FQ312003.1	contig_17000000	99.98		True
CONTIG	contig_17000000	11795	correct
CONTIG	contig_18000000	14194	unaligned
2993182	3004095	1	10914	FQ312003.1	contig_19000000	99.99		True
CONTIG	contig_19000000	10914	correct
4697358	4707679	1	10322	FQ312003.1	contig_20000000	99.99		True
CONTIG	contig_20000000	10322	correct
2802348	2812655	1	10308	FQ312003.1	contig_21000000	99.98		True
CONTIG	contig_21000000	10308	correct
2420626	2434619	1	13994	FQ312003.1	contig_22000000	99.99		True
CONTIG	contig_22000000	13994	correct
709521	720662	11142	1	FQ312003.1	contig_23000000	99.99		True
CONTIG	contig_23000000	11142	correct
3529495	3539929	10435	1	FQ312003.1	contig_24000000	99.96		True
CONTIG	contig_24000000	10435	correct
2673792	2683429	1	9638	FQ312003.1	contig_25000000	99.98		True
CONTIG	contig_25000000	9638	correct
4382877	4396062	1	13186	FQ312003.1	contig_26000000	99.99		True
CONTIG	contig_26000000	13186	correct
4346111	4356435	1	10325	FQ312003.1	contig_27000000	99.98		True
CONTIG	contig_27000000	10325	correct
2546048	2555292	9245	1	FQ312003.1	contig_28000000	100.0		True
CONTIG	contig_28000000	9245	correct
4670021	4681549	1	11528	FQ312003.1	contig_29000000	99.96		True
CONTIG	contig_29000000	11528	correct
847400	857008	9609	1	FQ312003.1	contig_30000000	99.98		True
CONTIG	contig_30000000	9609	correct
3070830	3080433	9601	1	FQ312003.1	contig_31000000	99.97		True
CONTIG	contig_31000000	9601	correct
3322408	3332616	10209	1	FQ312003.1	contig_32000000	99.99		True
CONTIG	contig_32000000	10209	correct
1028820	1038286	5	9471	FQ312003.1	contig_33000000	99.98		True
CONTIG	contig_33000000	9471	correct
3100130	3111725	1	11596	FQ312003.1	contig_34000000	99.98		True
CONTIG	contig_34000000	11596	correct
1398408	1407149	8742	1	FQ312003.1	contig_35000000	99.95		True
CONTIG	contig_35000000	8742	correct
2717608	2726769	1	9162	FQ312003.1	contig_36000000	99.99		True
CONTIG	contig_36000000	9162	correct
4397741	4407806	1	10066	FQ312003.1	contig_37000000	99.98		True
CONTIG	contig_37000000	10066	correct
4716737	4725430	8694	1	FQ312003.1	contig_38000000	100.0		True
CONTIG	contig_38000000	8694	correct
3543370	3552470	9101	1	FQ312003.1	contig_39000000	99.96		True
CONTIG	contig_39000000	9101	correct
428555	437284	8730	1	FQ312003.1	contig_40000000	99.97		True
CONTIG	contig_40000000	8730	correct
897354	905850	8497	1	FQ312003.1	contig_41000000	99.98		True
CONTIG	contig_41000000	8497	correct
4162728	4171319	8592	1	FQ312003.1	contig_42000000	99.99		True
CONTIG	contig_42000000	8592	correct
599576	611055	1	11480	FQ312003.1	contig_43000000	99.97		True
CONTIG	contig_43000000	11480	correct
2270688	2279753	1	9066	FQ312003.1	contig_44000000	100.0		True
CONTIG	contig_44000000	9066	correct
1297379	1305981	8603	1	FQ312003.1	contig_45000000	99.98		True
CONTIG	contig_45000000	8603	correct
545355	554403	9049	1	FQ312003.1	contig_46000000	99.99		True
CONTIG	contig_46000000	9049	correct
3642504	3650748	8245	1	FQ312003.1	contig_47000000	99.98		True
CONTIG	contig_47000000	8245	correct
4597958	4606778	1	8821	FQ312003.1	contig_48000000	99.98		True
CONTIG	contig_48000000	8821	correct
1825161	1833217	1	8057	FQ312003.1	contig_49000000	99.99		True
CONTIG	contig_49000000	8057	correct
3710717	3718865	8149	1	FQ312003.1	contig_50000000	100.0		True
CONTIG	contig_50000000	8149	correct
2248152	2257602	9451	1	FQ312003.1	contig_51000000	99.99		True
CONTIG	contig_51000000	9451	correct
996569	1004252	1	7684	FQ312003.1	contig_52000000	99.99		True
CONTIG	contig_52000000	7684	correct
1850272	1859625	9354	1	FQ312003.1	contig_53000000	99.99		True
CONTIG	contig_53000000	9354	correct
3339456	3346821	1	7366	FQ312003.1	contig_54000000	99.97		True
inversion
3346409	3346821	7779	7367	FQ312003.1	contig_54000000	100.0		True
CONTIG	contig_54000000	7779	misassembled
3667767	3675987	8221	1	FQ312003.1	contig_55000000	99.98		True
CONTIG	contig_55000000	8221	correct
4101826	4109909	1	8084	FQ312003.1	contig_56000000	99.99		True
CONTIG	contig_56000000	8084	correct
122366	129751	1	7386	FQ312003.1	contig_57000000	99.97		True
CONTIG	contig_57000000	7386	correct
3417420	3424974	7706	152	FQ312003.1	contig_58000000	99.99		True
CONTIG	contig_58000000	7706	correct
4194010	4201575	7566	1	FQ312003.1	contig_59000000	99.97		True
inversion
4194010	4194404	7567	7961	FQ312003.1	contig_59000000	100.0		True
CONTIG	contig_59000000	7961	misassembled
3136094	3143303	1	7210	FQ312003.1	contig_60000000	100.0		True
CONTIG	contig_60000000	7210	correct
CONTIG	contig_61000000	7257	unaligned
101388	108440	1	7053	FQ312003.1	contig_62000000	100.0		True
CONTIG	contig_62000000	7053	correct
773134	781457	8324	1	FQ312003.1	contig_63000000	99.98		True
CONTIG	contig_63000000	8324	correct
3313423	3319884	6462	1	FQ312003.1	contig_64000000	99.95		True
CONTIG	contig_64000000	6462	correct
2385385	2392122	1	6738	FQ312003.1	contig_65000000	99.97		True
CONTIG	contig_65000000	6738	correct
1597768	1604051	6284	1	FQ312003.1	contig_66000000	99.98		True
relocation, inconsistency = -1797
1597768	1599564	6285	8081	FQ312003.1	contig_66000000	100.0		True
CONTIG	contig_66000000	8081	misassembled
2177414	2183957	1	6544	FQ312003.1	contig_67000000	99.97		True
CONTIG	contig_67000000	6544	correct
3479208	3485356	1	6149	FQ312003.1	contig_68000000	99.97		True
CONTIG	contig_68000000	6149	correct
2847907	2855273	1	7367	FQ312003.1	contig_69000000	99.95		True
CONTIG	contig_69000000	7518	correct
3277257	3284646	1	7390	FQ312003.1	contig_70000000	99.97		True
CONTIG	contig_70000000	7390	correct
438768	446540	1	7773	FQ312003.1	contig_71000000	99.97		True
CONTIG	contig_71000000	7773	correct
220353	227759	1	7407	FQ312003.1	contig_72000000	100.0		True
CONTIG	contig_72000000	7407	correct
4426271	4432837	1	6567	FQ312003.1	contig_73000000	99.98		True
CONTIG	contig_73000000	6567	correct
2944144	2950669	6526	1	FQ312003.1	contig_74000000	99.97		True
CONTIG	contig_74000000	6526	correct
1180877	1186811	1	5935	FQ312003.1	contig_75000000	100.0		True
CONTIG	contig_75000000	5935	correct
76047	81668	5622	1	FQ312003.1	contig_76000000	99.96		True
inversion
76047	76604	5623	6180	FQ312003.1	contig_76000000	100.0		True
CONTIG	contig_76000000	6180	misassembled
4295600	4302449	1	6850	FQ312003.1	contig_77000000	99.99		True
CONTIG	contig_77000000	6850	correct
2259605	2267084	1	7480	FQ312003.1	contig_78000000	100.0		True
CONTIG	contig_78000000	7480	correct
1005206	1012476	98	7368	FQ312003.1	contig_79000000	99.96		True
CONTIG	contig_79000000	7368	correct
CONTIG	contig_80000000	5532	unaligned
3766566	3772517	1	5946	FQ312003.1	contig_81000000	99.9		True
CONTIG	contig_81000000	5946	correct
3851633	3859213	1	7581	FQ312003.1	contig_82000000	99.99		True
CONTIG	contig_82000000	7581	correct
732093	737494	1	5402	FQ312003.1	contig_83000000	100.0		True
CONTIG	contig_83000000	5402	correct
4474170	4481223	1	7054	FQ312003.1	contig_84000000	99.99		True
CONTIG	contig_84000000	7054	correct
3889176	3898519	9344	1	FQ312003.1	contig_85000000	99.98		True
CONTIG	contig_85000000	9344	correct
4289128	4294773	1	5646	FQ312003.1	contig_86000000	99.98		True
CONTIG	contig_86000000	5646	correct
2441990	2448542	1	6553	FQ312003.1	contig_87000000	100.0		True
CONTIG	contig_87000000	6553	correct
2279805	2285479	1	5675	FQ312003.1	contig_88000000	99.98		True
CONTIG	contig_88000000	5675	correct
2143199	2148266	1	5068	FQ312003.1	contig_89000000	99.94		True
CONTIG	contig_89000000	5068	correct
3822423	3827646	1	5224	FQ312003.1	contig_90000000	100.0		True
CONTIG	contig_90000000	5224	correct
2096613	2102302	5690	1	FQ312003.1	contig_91000000	100.0		True
CONTIG	contig_91000000	5690	correct
133272	139607	6336	1	FQ312003.1	contig_92000000	99.98		True
CONTIG	contig_92000000	6336	correct
2108305	2114064	1	5760	FQ312003.1	contig_93000000	99.98		True
CONTIG	contig_93000000	5760	correct
2707943	2714765	6823	1	FQ312003.1	contig_94000000	99.94		True
CONTIG	contig_94000000	6823	correct
1949442	1955659	6218	1	FQ312003.1	contig_95000000	99.98		True
CONTIG	contig_95000000	6218	correct
4421478	4426301	1	4824	FQ312003.1	contig_96000000	100.0		True
CONTIG	contig_96000000	4824	correct
2448032	2454317	1	6286	FQ312003.1	contig_97000000	100.0		True
CONTIG	contig_97000000	6286	correct
4801855	4806851	1	4997	FQ312003.1	contig_98000000	99.94		True
CONTIG	contig_98000000	4997	correct
1954928	1959934	5007	1	FQ312003.1	contig_99000000	99.94		True
CONTIG	contig_99000000	5007	correct
3243672	3249897	6226	1	FQ312003.1	contig_100000000	99.98		True
CONTIG	contig_100000000	6226	correct
1977695	1983132	1	5437	FQ312003.1	contig_101000000	99.93		True
inversion
1982614	1983132	5956	5438	FQ312003.1	contig_101000000	100.0		True
CONTIG	contig_101000000	5956	misassembled
1481160	1483491	1	2332	FQ312003.1	contig_102000000	100.0		True
relocation, inconsistency = -2332
1478906	1483491	6918	2333	FQ312003.1	contig_102000000	99.98		True
CONTIG	contig_102000000	6918	misassembled
4007445	4012669	5225	1	FQ312003.1	contig_103000000	99.96		True
CONTIG	contig_103000000	5230	correct
4681541	4688202	2	6665	FQ312003.1	contig_104000000	99.94		True
CONTIG	contig_104000000	6665	correct
738050	744276	6227	1	FQ312003.1	contig_105000000	100.0		True
CONTIG	contig_105000000	6227	correct
1368912	1374560	5649	1	FQ312003.1	contig_106000000	100.0		True
CONTIG	contig_106000000	5649	correct
2657658	2663152	5495	1	FQ312003.1	contig_107000000	99.98		True
CONTIG	contig_107000000	5495	correct
4842843	4847350	1	4508	FQ312003.1	contig_108000000	100.0		True
CONTIG	contig_108000000	4508	correct
2295703	2300168	1	4466	FQ312003.1	contig_109000000	99.98		True
CONTIG	contig_109000000	4466	correct
3982966	3989418	1	6453	FQ312003.1	contig_110000000	100.0		True
CONTIG	contig_110000000	6453	correct
1500401	1505823	5423	1	FQ312003.1	contig_111000000	99.98		True
CONTIG	contig_111000000	5423	correct
4271600	4277331	5732	1	FQ312003.1	contig_112000000	100.0		True
CONTIG	contig_112000000	5732	correct
155002	160022	5021	1	FQ312003.1	contig_113000000	100.0		True
CONTIG	contig_113000000	5021	correct
1052025	1056485	4461	1	FQ312003.1	contig_114000000	100.0		True
CONTIG	contig_114000000	4461	correct
1324975	1331818	1	6844	FQ312003.1	contig_115000000	100.0		True
CONTIG	contig_115000000	6844	correct
1351772	1356467	4696	1	FQ312003.1	contig_116000000	99.96		True
relocation, inconsistency = -1941
1351772	1353712	4697	6637	FQ312003.1	contig_116000000	99.95		True
CONTIG	contig_116000000	6637	misassembled
2006553	2010752	1	4200	FQ312003.1	contig_117000000	99.95		True
CONTIG	contig_117000000	4200	correct
2518932	2524191	5260	1	FQ312003.1	contig_118000000	99.96		True
CONTIG	contig_118000000	5260	correct
1685006	1690329	5324	1	FQ312003.1	contig_119000000	99.96		True
CONTIG	contig_119000000	5324	correct
780656	785240	4585	1	FQ312003.1	contig_120000000	99.98		True
CONTIG	contig_120000000	4585	correct
3977861	3981907	4047	1	FQ312003.1	contig_121000000	99.95		True
CONTIG	contig_121000000	4047	correct
3907940	3912138	1	4199	FQ312003.1	contig_122000000	100.0		True
CONTIG	contig_122000000	4199	correct
3583697	3587916	1	4220	FQ312003.1	contig_123000000	99.98		True
CONTIG	contig_123000000	4220	correct
1803714	1809470	1	5757	FQ312003.1	contig_124000000	100.0		True
CONTIG	contig_124000000	5757	correct
1312895	1317156	4262	1	FQ312003.1	contig_125000000	100.0		True
CONTIG	contig_125000000	4262	correct
3652643	3656606	1	3964	FQ312003.1	contig_126000000	99.95		True
CONTIG	contig_126000000	3964	correct
1276755	1281256	4502	1	FQ312003.1	contig_127000000	100.0		True
CONTIG	contig_127000000	4502	correct
2062465	2062530	4045	3980	FQ312003.1	contig_128000000	100.0		True
CONTIG	contig_128000000	4045	correct_unaligned
4725421	4729688	4268	1	FQ312003.1	contig_129000000	99.98		True
CONTIG	contig_129000000	4268	correct
CONTIG	contig_130000000	6163	unaligned
3155466	3161902	1	6437	FQ312003.1	contig_131000000	99.94		True
CONTIG	contig_131000000	6437	correct
CONTIG	contig_132000000	4583	unaligned
355432	359448	1	4017	FQ312003.1	contig_133000000	99.98		True
CONTIG	contig_133000000	4017	correct
336765	340601	3837	1	FQ312003.1	contig_134000000	100.0		True
CONTIG	contig_134000000	3837	correct
4377878	4381509	3632	1	FQ312003.1	contig_135000000	100.0		True
CONTIG	contig_135000000	3632	correct
3430724	3434858	1	4135	FQ312003.1	contig_136000000	100.0		True
CONTIG	contig_136000000	4135	correct
229133	234351	5219	1	FQ312003.1	contig_137000000	99.98		True
CONTIG	contig_137000000	5219	correct
3620892	3624455	3564	1	FQ312003.1	contig_138000000	99.97		True
CONTIG	contig_138000000	3564	correct
2347543	2351378	1	3836	FQ312003.1	contig_139000000	100.0		True
CONTIG	contig_139000000	3836	correct
813460	818258	1	4709	FQ312003.1	contig_140000000	98.12		True
CONTIG	contig_140000000	4709	correct
4148492	4154036	1	5545	FQ312003.1	contig_141000000	100.0		True
CONTIG	contig_141000000	5545	correct
1962390	1965853	1	3464	FQ312003.1	contig_142000000	100.0		True
CONTIG	contig_142000000	3464	correct
4783500	4788478	4979	1	FQ312003.1	contig_143000000	100.0		True
CONTIG	contig_143000000	4979	correct
1207325	1213987	6663	1	FQ312003.1	contig_144000000	100.0		True
CONTIG	contig_144000000	6663	correct
3988683	3992662	1	3979	FQ312003.1	contig_145000000	99.95		True
CONTIG	contig_145000000	3979	correct
3447158	3451292	1	4135	FQ312003.1	contig_146000000	100.0		True
CONTIG	contig_146000000	4135	correct
2523345	2526730	3386	1	FQ312003.1	contig_147000000	100.0		True
CONTIG	contig_147000000	3386	correct
965251	968502	3237	1	FQ312003.1	contig_148000000	99.54		True
CONTIG	contig_148000000	3237	correct
467899	474122	1	6224	FQ312003.1	contig_149000000	100.0		True
CONTIG	contig_149000000	6224	correct
1273312	1277336	4025	1	FQ312003.1	contig_150000000	100.0		True
CONTIG	contig_150000000	4025	correct
4445652	4448834	1	3183	FQ312003.1	contig_151000000	99.97		True
CONTIG	contig_151000000	3183	correct
1567112	1570576	3465	1	FQ312003.1	contig_152000000	99.97		True
CONTIG	contig_152000000	3465	correct
2613498	2616842	1	3345	FQ312003.1	contig_153000000	100.0		True
CONTIG	contig_153000000	3345	correct
2587158	2590195	1	3038	FQ312003.1	contig_154000000	100.0		True
CONTIG	contig_154000000	3038	correct
3162671	3165673	1	3003	FQ312003.1	contig_155000000	100.0		True
CONTIG	contig_155000000	3003	correct
4633700	4634682	1	983	FQ312003.1	contig_156000000	100.0		True
inversion
4629900	4634684	5768	984	FQ312003.1	contig_156000000	99.98		True
CONTIG	contig_156000000	5768	misassembled
4861944	4864929	1	2986	FQ312003.1	contig_157000000	99.97		True
CONTIG	contig_157000000	2986	correct
644638	649662	5025	1	FQ312003.1	contig_158000000	99.98		True
CONTIG	contig_158000000	5025	correct
4225717	4228583	1	2867	FQ312003.1	contig_159000000	100.0		True
CONTIG	contig_159000000	2867	correct
4542907	4545747	1	2841	FQ312003.1	contig_160000000	100.0		True
CONTIG	contig_160000000	2841	correct
3819658	3823175	3518	1	FQ312003.1	contig_161000000	100.0		True
CONTIG	contig_161000000	3518	correct
CONTIG	contig_162000000	2790	unaligned
4075073	4078512	1	3440	FQ312003.1	contig_163000000	100.0		True
CONTIG	contig_163000000	3440	correct
1084910	1087637	2728	1	FQ312003.1	contig_164000000	99.93		True
CONTIG	contig_164000000	2728	correct
448816	454421	5605	1	FQ312003.1	contig_165000000	99.98		True
CONTIG	contig_165000000	5605	correct
1086784	1091139	4356	1	FQ312003.1	contig_166000000	99.95		True
CONTIG	contig_166000000	4356	correct
92530	95240	1	2711	FQ312003.1	contig_167000000	100.0		True
CONTIG	contig_167000000	2711	correct
3675631	3679133	1	3503	FQ312003.1	contig_168000000	100.0		True
CONTIG	contig_168000000	3503	correct
380078	383799	1	3722	FQ312003.1	contig_169000000	99.97		True
CONTIG	contig_169000000	3722	correct
4832259	4835450	3192	1	FQ312003.1	contig_170000000	100.0		True
CONTIG	contig_170000000	3192	correct
2566121	2569864	1	3744	FQ312003.1	contig_171000000	99.97		True
CONTIG	contig_171000000	3744	correct
313292	317164	3873	1	FQ312003.1	contig_172000000	100.0		True
CONTIG	contig_172000000	3873	correct
1772096	1775327	1	3232	FQ312003.1	contig_173000000	100.0		True
relocation, inconsistency = -3232
1772096	1775327	6464	3233	FQ312003.1	contig_173000000	100.0		True
CONTIG	contig_173000000	6464	misassembled
2342611	2345174	2564	1	FQ312003.1	contig_174000000	99.96		True
CONTIG	contig_174000000	2564	correct
323236	326518	1	3283	FQ312003.1	contig_175000000	100.0		True
CONTIG	contig_175000000	3283	correct
4846762	4849740	2979	1	FQ312003.1	contig_176000000	100.0		True
CONTIG	contig_176000000	2979	correct
1201985	1207717	5733	1	FQ312003.1	contig_177000000	100.0		True
CONTIG	contig_177000000	5733	correct
639311	644540	5230	1	FQ312003.1	contig_178000000	99.98		True
CONTIG	contig_178000000	5230	correct
3240032	3243241	3210	1	FQ312003.1	contig_179000000	100.0		True
CONTIG	contig_179000000	3210	correct
3235856	3238969	1	3114	FQ312003.1	contig_180000000	100.0		True
CONTIG	contig_180000000	3114	correct
1943613	1946583	2971	1	FQ312003.1	contig_181000000	100.0		True
CONTIG	contig_181000000	2971	correct
2766093	2766469	1137	761	FQ312003.1	contig_182000000	95.49		True
unknown
2763429	2763587	2852	2694	FQ312003.1	contig_182000000	96.86		True
unknown
CONTIG	contig_182000000	2852	mis_unaligned
1810426	1814762	1	4337	FQ312003.1	contig_183000000	99.98		True
CONTIG	contig_183000000	4337	correct
4056873	4060369	1	3497	FQ312003.1	contig_184000000	100.0		True
CONTIG	contig_184000000	3497	correct
2950671	2954408	1	3738	FQ312003.1	contig_185000000	100.0		True
CONTIG	contig_185000000	3738	correct
4511658	4514358	1	2701	FQ312003.1	contig_186000000	99.93		True
CONTIG	contig_186000000	2701	correct
745374	748471	74	3171	FQ312003.1	contig_187000000	99.97		True
CONTIG	contig_187000000	3171	correct
CONTIG	contig_188000000	3318	unaligned
907994	910442	2449	1	FQ312003.1	contig_189000000	99.96		True
CONTIG	contig_189000000	2449	correct
4078936	4081297	1	2362	FQ312003.1	contig_190000000	100.0		True
CONTIG	contig_190000000	2362	correct
1309756	1313055	1	3300	FQ312003.1	contig_191000000	99.97		True
CONTIG	contig_191000000	3300	correct
1916086	1919289	3204	1	FQ312003.1	contig_192000000	100.0		True
CONTIG	contig_192000000	3204	correct
1677940	1681269	3330	1	FQ312003.1	contig_193000000	100.0		True
CONTIG	contig_193000000	3330	correct
2379349	2381900	1	2552	FQ312003.1	contig_194000000	100.0		True
CONTIG	contig_194000000	2552	correct
953594	955806	1	2213	FQ312003.1	contig_195000000	100.0		True
CONTIG	contig_195000000	2213	correct
1045407	1047955	1	2549	FQ312003.1	contig_196000000	99.92		True
CONTIG	contig_196000000	2549	correct
485675	488749	3075	1	FQ312003.1	contig_197000000	100.0		True
CONTIG	contig_197000000	3075	correct
1551914	1555179	3266	1	FQ312003.1	contig_198000000	99.97		True
CONTIG	contig_198000000	3266	correct
1271530	1274021	1	2492	FQ312003.1	contig_199000000	100.0		True
CONTIG	contig_199000000	2492	correct
633394	635649	2256	1	FQ312003.1	contig_200000000	99.87		True
CONTIG	contig_200000000	2256	correct
1395694	1398172	2479	1	FQ312003.1	contig_201000000	100.0		True
CONTIG	contig_201000000	2479	correct
401364	403773	2410	1	FQ312003.1	contig_202000000	100.0		True
CONTIG	contig_202000000	2410	correct
2293714	2295840	2127	1	FQ312003.1	contig_203000000	100.0		True
CONTIG	contig_203000000	2127	correct
4269575	4271437	1863	1	FQ312003.1	contig_204000000	100.0		True
relocation, inconsistency = -2027
4269575	4271601	1864	3890	FQ312003.1	contig_204000000	100.0		True
inversion
4271152	4271601	4340	3891	FQ312003.1	contig_204000000	100.0		True
CONTIG	contig_204000000	4340	misassembled
2043817	2047613	1	3797	FQ312003.1	contig_205000000	99.95		True
CONTIG	contig_205000000	3797	correct
542207	545386	3180	1	FQ312003.1	contig_206000000	100.0		True
CONTIG	contig_206000000	3180	correct
3331821	3337598	5778	1	FQ312003.1	contig_207000000	100.0		True
CONTIG	contig_207000000	5778	correct
2439248	2441653	2406	1	FQ312003.1	contig_208000000	100.0		True
CONTIG	contig_208000000	2406	correct
CONTIG	contig_209000000	3252	unaligned
1062336	1062458	123	1	FQ312003.1	contig_210000000	97.56		True
CONTIG	contig_210000000	3644	correct_unaligned
107868	111772	1	3905	FQ312003.1	contig_211000000	100.0		True
CONTIG	contig_211000000	3905	correct
2398188	2400673	1	2486	FQ312003.1	contig_212000000	100.0		True
CONTIG	contig_212000000	2486	correct
2040155	2043149	1	2995	FQ312003.1	contig_213000000	99.97		True
CONTIG	contig_213000000	2995	correct
CONTIG	contig_214000000	2152	unaligned
304275	306104	1	1830	FQ312003.1	contig_215000000	100.0		True
CONTIG	contig_215000000	1830	correct
3817214	3819899	2686	1	FQ312003.1	contig_216000000	99.89		True
CONTIG	contig_216000000	2686	correct
1648751	1653200	1	4450	FQ312003.1	contig_217000000	99.96		True
CONTIG	contig_217000000	4450	correct
2083366	2086693	3328	1	FQ312003.1	contig_218000000	100.0		True
CONTIG	contig_218000000	3328	correct
3802833	3805415	2583	1	FQ312003.1	contig_219000000	100.0		True
CONTIG	contig_219000000	2583	correct
CONTIG	contig_220000000	1795	unaligned
2966708	2977105	1	10398	FQ312003.1	contig_221000000	99.97		True
CONTIG	contig_221000000	10398	correct
4413846	4415835	1	1990	FQ312003.1	contig_222000000	100.0		True
CONTIG	contig_222000000	1990	correct
4508170	4509884	1	1715	FQ312003.1	contig_223000000	100.0		True
CONTIG	contig_223000000	1715	correct
2327187	2333243	6057	1	FQ312003.1	contig_224000000	99.93		True
CONTIG	contig_224000000	6057	correct
4829259	4831250	1	1992	FQ312003.1	contig_225000000	99.95		True
CONTIG	contig_225000000	1992	correct
1680721	1685927	138	5344	FQ312003.1	contig_226000000	99.98		True
CONTIG	contig_226000000	5344	correct
4411180	4413940	2761	1	FQ312003.1	contig_227000000	99.96		True
CONTIG	contig_227000000	2761	correct
4081267	4082903	1	1637	FQ312003.1	contig_228000000	100.0		True
CONTIG	contig_228000000	1637	correct
1392861	1394892	1	2032	FQ312003.1	contig_229000000	99.95		True
CONTIG	contig_229000000	2032	correct
CONTIG	contig_230000000	4966	unaligned
3205623	3208415	1	2775	FQ312003.1	contig_231000000	99.36		True
CONTIG	contig_231000000	2775	correct
3758224	3759922	1699	1	FQ312003.1	contig_232000000	100.0		True
CONTIG	contig_232000000	1699	correct
3701632	3703705	1	2074	FQ312003.1	contig_233000000	100.0		True
CONTIG	contig_233000000	2074	correct
1099933	1103915	3983	1	FQ312003.1	contig_234000000	99.97		True
CONTIG	contig_234000000	3983	correct
977047	981639	4592	1	FQ312003.1	contig_235000000	99.96		True
CONTIG	contig_235000000	4592	correct
4854799	4856356	1558	1	FQ312003.1	contig_236000000	100.0		True
CONTIG	contig_236000000	1558	correct
2455281	2457871	2591	1	FQ312003.1	contig_237000000	100.0		True
CONTIG	contig_237000000	2591	correct
4358129	4359665	1537	1	FQ312003.1	contig_238000000	100.0		True
CONTIG	contig_238000000	1537	correct
3624077	3625954	1878	1	FQ312003.1	contig_239000000	99.95		True
relocation, inconsistency = -1876
3624079	3624455	1879	2255	FQ312003.1	contig_239000000	99.74		True
CONTIG	contig_239000000	2255	misassembled
2794898	2796800	1903	1	FQ312003.1	contig_240000000	100.0		True
CONTIG	contig_240000000	1903	correct
1556246	1558960	1	2715	FQ312003.1	contig_241000000	99.96		True
inversion
1558610	1558960	3066	2716	FQ312003.1	contig_241000000	100.0		True
CONTIG	contig_241000000	3066	misassembled
2410773	2413281	2509	1	FQ312003.1	contig_242000000	99.92		True
CONTIG	contig_242000000	2509	correct
559702	563791	4090	1	FQ312003.1	contig_243000000	99.95		True
CONTIG	contig_243000000	4090	correct
2906884	2908318	1435	1	FQ312003.1	contig_244000000	99.93		True
CONTIG	contig_244000000	1435	correct
1922023	1923431	1409	1	FQ312003.1	contig_245000000	100.0		True
CONTIG	contig_245000000	1409	correct
3522343	3523744	1402	1	FQ312003.1	contig_246000000	99.93		True
CONTIG	contig_246000000	1402	correct
4753748	4755885	2138	1	FQ312003.1	contig_247000000	100.0		True
CONTIG	contig_247000000	2138	correct
2511387	2512772	1	1386	FQ312003.1	contig_248000000	100.0		True
CONTIG	contig_248000000	1386	correct
3454020	3454776	1	757	FQ312003.1	contig_249000000	100.0		True
inversion
3452730	3454782	2810	758	FQ312003.1	contig_249000000	100.0		True
CONTIG	contig_249000000	2810	misassembled
2934380	2935943	1564	1	FQ312003.1	contig_250000000	99.87		True
CONTIG	contig_250000000	1564	correct
2285595	2287878	1	2284	FQ312003.1	contig_251000000	100.0		True
CONTIG	contig_251000000	2284	correct
4170392	4175048	1	4657	FQ312003.1	contig_252000000	100.0		True
relocation, inconsistency = -4657
4170392	4175048	9314	4658	FQ312003.1	contig_252000000	100.0		True
CONTIG	contig_252000000	9314	misassembled
291878	293526	1	1649	FQ312003.1	contig_253000000	100.0		True
CONTIG	contig_253000000	1649	correct
1393954	1396167	1	2214	FQ312003.1	contig_254000000	100.0		True
CONTIG	contig_254000000	2214	correct
1790157	1791712	1	1556	FQ312003.1	contig_255000000	100.0		True
CONTIG	contig_255000000	1556	correct
2924815	2926061	1	1247	FQ312003.1	contig_256000000	100.0		True
CONTIG	contig_256000000	1247	correct
317481	318788	1	1308	FQ312003.1	contig_257000000	100.0		True
CONTIG	contig_257000000	1308	correct
3083524	3084915	1	1392	FQ312003.1	contig_258000000	100.0		True
CONTIG	contig_258000000	1392	correct
926922	929126	1	2205	FQ312003.1	contig_259000000	100.0		True
CONTIG	contig_259000000	2205	correct
589547	590957	1411	1	FQ312003.1	contig_260000000	100.0		True
CONTIG	contig_260000000	1411	correct
4049632	4051355	1	1724	FQ312003.1	contig_261000000	100.0		True
CONTIG	contig_261000000	1724	correct
3573141	3575944	2804	1	FQ312003.1	contig_262000000	99.96		True
CONTIG	contig_262000000	2804	correct
1976310	1978487	2178	1	FQ312003.1	contig_263000000	100.0		True
CONTIG	contig_263000000	2178	correct
1283738	1287034	1	3297	FQ312003.1	contig_264000000	100.0		True
CONTIG	contig_264000000	3297	correct
2592528	2594034	1507	1	FQ312003.1	contig_265000000	100.0		True
CONTIG	contig_265000000	1507	correct
4667754	4670196	2443	1	FQ312003.1	contig_266000000	100.0		True
CONTIG	contig_266000000	2443	correct
2238127	2239945	1	1819	FQ312003.1	contig_267000000	100.0		True
CONTIG	contig_267000000	1819	correct
2544971	2546320	1350	1	FQ312003.1	contig_268000000	100.0		True
CONTIG	contig_268000000	1350	correct
270156	271578	1423	1	FQ312003.1	contig_269000000	100.0		True
CONTIG	contig_269000000	1423	correct
4792367	4793980	1	1614	FQ312003.1	contig_270000000	100.0		True
CONTIG	contig_270000000	1614	correct
3588553	3589694	1	1142	FQ312003.1	contig_271000000	99.91		True
CONTIG	contig_271000000	1142	correct
359069	360104	1036	1	FQ312003.1	contig_272000000	99.9		True
CONTIG	contig_272000000	1036	correct
3295643	3296927	1285	1	FQ312003.1	contig_273000000	100.0		True
CONTIG	contig_273000000	1285	correct
1096637	1097940	1304	1	FQ312003.1	contig_274000000	100.0		True
CONTIG	contig_274000000	1304	correct
2086935	2087952	1018	1	FQ312003.1	contig_275000000	100.0		True
CONTIG	contig_275000000	1018	correct
1607749	1608744	1	996	FQ312003.1	contig_276000000	100.0		True
CONTIG	contig_276000000	996	correct
3347023	3348445	1423	1	FQ312003.1	contig_277000000	99.93		True
CONTIG	contig_277000000	1423	correct
4864586	4866632	2047	1	FQ312003.1	contig_278000000	100.0		True
CONTIG	contig_278000000	2047	correct
1531185	1532187	1	1003	FQ312003.1	contig_279000000	99.9		True
CONTIG	contig_279000000	1003	correct
2629249	2630173	1	925	FQ312003.1	contig_280000000	99.89		True
CONTIG	contig_280000000	925	correct
46708	47790	1083	1	FQ312003.1	contig_281000000	100.0		True
CONTIG	contig_281000000	1083	correct
1367985	1368910	1	926	FQ312003.1	contig_282000000	99.89		True
CONTIG	contig_282000000	926	correct
2341150	2342094	945	1	FQ312003.1	contig_283000000	100.0		True
CONTIG	contig_283000000	945	correct
1067818	1068844	1	1027	FQ312003.1	contig_284000000	100.0		True
relocation, inconsistency = -1027
1067818	1068844	2054	1028	FQ312003.1	contig_284000000	100.0		True
CONTIG	contig_284000000	2054	misassembled
1042912	1045543	2632	1	FQ312003.1	contig_285000000	99.96		True
CONTIG	contig_285000000	2636	correct
1280658	1282441	1784	1	FQ312003.1	contig_286000000	99.78		True
CONTIG	contig_286000000	1784	correct
2039299	2040187	1	889	FQ312003.1	contig_287000000	100.0		True
CONTIG	contig_287000000	889	correct
1139738	1141243	1506	1	FQ312003.1	contig_288000000	100.0		True
CONTIG	contig_288000000	1506	correct
4121291	4122666	1	1376	FQ312003.1	contig_289000000	99.64		True
CONTIG	contig_289000000	1376	correct
829868	831091	1224	1	FQ312003.1	contig_290000000	99.1		True
CONTIG	contig_290000000	1224	correct
2392761	2393642	882	1	FQ312003.1	contig_291000000	100.0		True
CONTIG	contig_291000000	882	correct
1068272	1069723	1451	1	FQ312003.1	contig_292000000	99.93		True
CONTIG	contig_292000000	1451	correct
994909	996200	1292	1	FQ312003.1	contig_293000000	99.92		True
CONTIG	contig_293000000	1292	correct
3835689	3837178	1	1490	FQ312003.1	contig_294000000	100.0		True
relocation, inconsistency = -1064
3836115	3837176	2552	1491	FQ312003.1	contig_294000000	100.0		True
CONTIG	contig_294000000	2552	misassembled
CONTIG	contig_295000000	832	unaligned
1091108	1091906	1	799	FQ312003.1	contig_296000000	100.0		True
CONTIG	contig_296000000	799	correct
4396254	4397309	1052	1	FQ312003.1	contig_297000000	99.53		True
CONTIG	contig_297000000	1052	correct
743520	745446	1927	1	FQ312003.1	contig_298000000	100.0		True
CONTIG	contig_298000000	1927	correct
CONTIG	contig_299000000	975	unaligned
1677032	1677929	898	1	FQ312003.1	contig_300000000	99.89		True
CONTIG	contig_300000000	898	correct
3900857	3901612	1	756	FQ312003.1	contig_301000000	100.0		True
CONTIG	contig_301000000	756	correct
2003825	2006266	2442	1	FQ312003.1	contig_302000000	99.96		True
CONTIG	contig_302000000	2442	correct
3934916	3935797	882	1	FQ312003.1	contig_303000000	100.0		True
inversion
3934918	3935797	883	1762	FQ312003.1	contig_303000000	100.0		True
CONTIG	contig_303000000	1762	misassembled
2662992	2664028	1037	1	FQ312003.1	contig_304000000	100.0		True
CONTIG	contig_304000000	1037	correct
1163235	1164226	1	992	FQ312003.1	contig_305000000	99.9		True
CONTIG	contig_305000000	992	correct
4283173	4284661	1	1483	FQ312003.1	contig_306000000	99.53		True
CONTIG	contig_306000000	1483	correct
2073522	2073993	472	1	FQ312003.1	contig_307000000	100.0		True
local misassembly
2071060	2073119	3186	1127	FQ312003.1	contig_307000000	99.66		True
CONTIG	contig_307000000	3186	correct
2731343	2732251	1	909	FQ312003.1	contig_308000000	100.0		True
CONTIG	contig_308000000	909	correct
832382	833047	1	666	FQ312003.1	contig_309000000	100.0		True
CONTIG	contig_309000000	666	correct
271250	272559	1310	1	FQ312003.1	contig_310000000	100.0		True
CONTIG	contig_310000000	1310	correct
2683220	2684095	876	1	FQ312003.1	contig_311000000	99.89		True
CONTIG	contig_311000000	876	correct
4268956	4270983	2028	1	FQ312003.1	contig_312000000	100.0		True
CONTIG	contig_312000000	2028	correct
1674668	1677198	1	2531	FQ312003.1	contig_313000000	99.92		True
CONTIG	contig_313000000	2531	correct
4788241	4789559	1319	1	FQ312003.1	contig_314000000	100.0		True
CONTIG	contig_314000000	1319	correct
2334299	2336186	1888	1	FQ312003.1	contig_315000000	100.0		True
CONTIG	contig_315000000	1888	correct
4329450	4331511	1	2062	FQ312003.1	contig_316000000	100.0		True
CONTIG	contig_316000000	2062	correct
1366355	1367602	1	1248	FQ312003.1	contig_317000000	100.0		True
CONTIG	contig_317000000	1248	correct
1991967	1993230	1	1264	FQ312003.1	contig_318000000	99.92		True
CONTIG	contig_318000000	1264	correct
2767611	2768051	441	1	FQ312003.1	contig_319000000	96.15		True
CONTIG	contig_319000000	1109	correct_unaligned
319734	323268	3535	1	FQ312003.1	contig_320000000	100.0		True
CONTIG	contig_320000000	3535	correct
2924036	2924843	1	808	FQ312003.1	contig_321000000	99.88		True
CONTIG	contig_321000000	808	correct
3904517	3905035	1	519	FQ312003.1	contig_322000000	100.0		True
CONTIG	contig_322000000	519	correct
1620081	1621818	1	1738	FQ312003.1	contig_323000000	100.0		True
CONTIG	contig_323000000	1738	correct
4381949	4383111	1	1163	FQ312003.1	contig_324000000	99.74		True
CONTIG	contig_324000000	1163	correct
3068480	3069224	1	745	FQ312003.1	contig_325000000	100.0		True
CONTIG	contig_325000000	745	correct
2141274	2143085	1812	1	FQ312003.1	contig_326000000	100.0		True
inversion
2141274	2141562	1813	2101	FQ312003.1	contig_326000000	100.0		True
CONTIG	contig_326000000	2101	misassembled
CONTIG	contig_327000000	788	unaligned
4470571	4471795	1	1225	FQ312003.1	contig_328000000	100.0		True
CONTIG	contig_328000000	1225	correct
335560	336595	1036	1	FQ312003.1	contig_330000000	100.0		True
CONTIG	contig_330000000	1036	correct
790203	790720	518	1	FQ312003.1	contig_332000000	100.0		True
CONTIG	contig_332000000	518	correct
616475	617104	1	630	FQ312003.1	contig_333000000	100.0		True
CONTIG	contig_333000000	630	correct
1252971	1253903	933	1	FQ312003.1	contig_334000000	100.0		True
CONTIG	contig_334000000	933	correct
CONTIG	contig_336000000	555	unaligned
2730513	2731182	670	1	FQ312003.1	contig_337000000	100.0		True
CONTIG	contig_337000000	670	correct
2408984	2411060	2077	1	FQ312003.1	contig_338000000	99.95		True
CONTIG	contig_338000000	2077	correct
2762218	2762480	265	3	FQ312003.1	contig_339000000	98.11		True
relocation, inconsistency = 1695090
1066503	1067127	890	266	FQ312003.1	contig_339000000	96.32		True
local misassembly
1062681	1066193	4696	1184	FQ312003.1	contig_339000000	99.86		True
CONTIG	contig_339000000	4696	misassembled
632927	633748	1	822	FQ312003.1	contig_341000000	100.0		True
CONTIG	contig_341000000	822	correct
3936071	3937778	1708	1	FQ312003.1	contig_342000000	100.0		True
relocation, inconsistency = -1708
3936071	3937778	1709	3416	FQ312003.1	contig_342000000	100.0		True
CONTIG	contig_342000000	3416	misassembled
616004	616542	539	1	FQ312003.1	contig_345000000	100.0		True
CONTIG	contig_345000000	539	correct
2926590	2926731	1	142	FQ312003.1	contig_349000000	100.0		True
inversion
2926195	2926731	679	143	FQ312003.1	contig_349000000	100.0		True
inversion
2926424	2926731	680	987	FQ312003.1	contig_349000000	100.0		True
CONTIG	contig_349000000	987	misassembled
368595	369393	1	799	FQ312003.1	contig_350000000	99.62		True
CONTIG	contig_350000000	799	correct
368304	368651	348	1	FQ312003.1	contig_351000000	100.0		True
CONTIG	contig_351000000	698	correct
1596719	1597456	1	738	FQ312003.1	contig_352000000	100.0		True
CONTIG	contig_352000000	738	correct
2165416	2165495	80	1	FQ312003.1	contig_353000000	100.0		True
inversion
2165416	2165960	81	625	FQ312003.1	contig_353000000	99.82		True
CONTIG	contig_353000000	625	misassembled
1072581	1073501	1	921	FQ312003.1	contig_354000000	99.89		True
CONTIG	contig_354000000	921	correct
2908253	2908569	317	1	FQ312003.1	contig_357000000	100.0		True
inversion
2908253	2908481	318	546	FQ312003.1	contig_357000000	100.0		True
CONTIG	contig_357000000	546	misassembled
2770546	2770693	147	1	FQ312003.1	contig_362000000	98.65		True
CONTIG	contig_362000000	2387	correct_unaligned
3338315	3338946	1	632	FQ312003.1	contig_363000000	100.0		True
CONTIG	contig_363000000	632	correct
3204388	3205730	1	1343	FQ312003.1	contig_364000000	100.0		True
CONTIG	contig_364000000	1343	correct
1176460	1176987	528	1	FQ312003.1	contig_377000000	100.0		True
inversion
1176695	1176987	529	821	FQ312003.1	contig_377000000	100.0		True
CONTIG	contig_377000000	821	misassembled
982420	983791	1	1372	FQ312003.1	contig_378000000	100.0		True
relocation, inconsistency = -1372
982234	983791	2930	1373	FQ312003.1	contig_378000000	100.0		True
CONTIG	contig_378000000	2930	misassembled
2062365	2063254	890	1	FQ312003.1	contig_380000000	100.0		True
CONTIG	contig_380000000	890	correct
3933090	3933439	1	350	FQ312003.1	contig_383000000	100.0		True
inversion
3933288	3933437	500	351	FQ312003.1	contig_383000000	100.0		True
CONTIG	contig_383000000	500	misassembled
1094178	1094950	773	1	FQ312003.1	contig_390000000	98.32		True
CONTIG	contig_390000000	773	correct
2092220	2093784	1565	1	FQ312003.1	contig_392000000	100.0		True
relocation, inconsistency = -1565
2092220	2093784	1566	3130	FQ312003.1	contig_392000000	100.0		True
CONTIG	contig_392000000	3130	misassembled
2757339	2758517	1179	1	FQ312003.1	contig_394000000	99.66		True
CONTIG	contig_394000000	1179	correct
2073522	2075263	1742	1	FQ312003.1	contig_397000000	99.77		True
CONTIG	contig_397000000	1742	correct
2070940	2071024	1	85	FQ312003.1	contig_416000000	97.65		True
unknown
2071033	2071200	781	948	FQ312003.1	contig_416000000	99.4		True
unknown
2070940	2071200	1207	947	FQ312003.1	contig_416000000	100.0		True
unknown
CONTIG	contig_416000000	1207	mis_unaligned
2074819	2075263	1	445	FQ312003.1	contig_432000000	99.78		True
unknown
1282562	1282633	1934	1863	FQ312003.1	contig_432000000	95.83		True
unknown
1282325	1282561	2184	1948	FQ312003.1	contig_432000000	99.58		True
unknown
CONTIG	contig_432000000	4860	mis_unaligned
4848786	4854830	6045	1	FQ312003.1	contig_433000000	100.0		True
CONTIG	contig_433000000	6045	correct
2665709	2672265	1	6557	FQ312003.1	contig_434000000	99.98		True
CONTIG	contig_434000000	6557	correct
3877062	3883835	1	6774	FQ312003.1	contig_435000000	99.99		True
CONTIG	contig_435000000	6774	correct
1766753	1772808	1	6056	FQ312003.1	contig_436000000	100.0		True
CONTIG	contig_436000000	6056	correct
3523301	3528775	5475	1	FQ312003.1	contig_437000000	100.0		True
CONTIG	contig_437000000	5475	correct
1782897	1789026	1	6130	FQ312003.1	contig_438000000	100.0		True
CONTIG	contig_438000000	6130	correct
955022	962998	7977	1	FQ312003.1	contig_439000000	99.99		True
CONTIG	contig_439000000	7977	correct
3347973	3356766	1	8794	FQ312003.1	contig_440000000	99.98		True
CONTIG	contig_440000000	8794	correct
84617	92939	8323	1	FQ312003.1	contig_441000000	99.98		True
CONTIG	contig_441000000	8323	correct
2239207	2247928	1	8722	FQ312003.1	contig_442000000	99.99		True
CONTIG	contig_442000000	8722	correct
4359635	4366991	1	7357	FQ312003.1	contig_443000000	100.0		True
CONTIG	contig_443000000	7357	correct
1570545	1576215	1	5671	FQ312003.1	contig_444000000	99.96		True
CONTIG	contig_444000000	5671	correct
2791610	2795296	3687	1	FQ312003.1	contig_445000000	100.0		True
relocation, inconsistency = -1497
2791610	2793106	3688	5184	FQ312003.1	contig_445000000	100.0		True
CONTIG	contig_445000000	5184	misassembled
491384	501020	1	9637	FQ312003.1	contig_446000000	99.98		True
CONTIG	contig_446000000	9637	correct
1635297	1647936	12640	1	FQ312003.1	contig_447000000	99.98		True
CONTIG	contig_447000000	12640	correct
4448802	4457996	9195	1	FQ312003.1	contig_448000000	99.99		True
CONTIG	contig_448000000	9195	correct
2462784	2473967	1	11184	FQ312003.1	contig_449000000	99.98		True
CONTIG	contig_449000000	11184	correct
2908973	2917306	1	8328	FQ312003.1	contig_450000000	99.92		True
relocation, inconsistency = 3773
2921080	2921658	8329	8907	FQ312003.1	contig_450000000	100.0		True
CONTIG	contig_450000000	9136	misassembled
4092488	4099850	1	7363	FQ312003.1	contig_451000000	99.99		True
CONTIG	contig_451000000	7363	correct
3914732	3924026	1	9296	FQ312003.1	contig_452000000	99.96		True
CONTIG	contig_452000000	9296	correct
2500630	2511341	10712	1	FQ312003.1	contig_453000000	99.98		True
CONTIG	contig_453000000	10712	correct
1547120	1552873	5752	1	FQ312003.1	contig_454000000	99.93		True
CONTIG	contig_454000000	5752	correct
564036	574421	1	10386	FQ312003.1	contig_455000000	99.98		True
CONTIG	contig_455000000	10386	correct
3208029	3216486	8458	1	FQ312003.1	contig_456000000	99.98		True
CONTIG	contig_456000000	8458	correct
1559070	1567528	1	8459	FQ312003.1	contig_457000000	99.99		True
CONTIG	contig_457000000	8459	correct
1610052	1619956	9905	1	FQ312003.1	contig_458000000	100.0		True
CONTIG	contig_458000000	9905	correct
3031961	3043458	1	11501	FQ312003.1	contig_459000000	99.97		True
CONTIG	contig_459000000	11501	correct
1448573	1457823	9253	3	FQ312003.1	contig_460000000	99.98		True
CONTIG	contig_460000000	9253	correct
4456652	4470562	13911	1	FQ312003.1	contig_461000000	99.98		True
relocation, inconsistency = -1345
4456652	4457996	13912	15256	FQ312003.1	contig_461000000	100.0		True
CONTIG	contig_461000000	15256	misassembled
3793194	3803177	9984	1	FQ312003.1	contig_462000000	99.99		True
CONTIG	contig_462000000	9984	correct
1791172	1803642	1	12471	FQ312003.1	contig_463000000	99.99		True
CONTIG	contig_463000000	12471	correct
3004136	3017495	1	13360	FQ312003.1	contig_464000000	99.96		True
CONTIG	contig_464000000	13360	correct
1148550	1156450	1	7901	FQ312003.1	contig_465000000	99.97		True
relocation, inconsistency = -1661
1154790	1156463	9575	7902	FQ312003.1	contig_465000000	100.0		True
CONTIG	contig_465000000	9575	misassembled
3940325	3951703	1	11379	FQ312003.1	contig_466000000	99.97		True
relocation, inconsistency = -3079
3948625	3951703	14458	11380	FQ312003.1	contig_466000000	99.97		True
CONTIG	contig_466000000	14458	misassembled
2306469	2319599	1	13131	FQ312003.1	contig_467000000	99.99		True
CONTIG	contig_467000000	13131	correct
3083985	3099262	1	15277	FQ312003.1	contig_468000000	99.99		True
CONTIG	contig_468000000	15277	correct
3454820	3475560	20696	1	FQ312003.1	contig_469000000	99.76		True
CONTIG	contig_469000000	20696	correct
2010889	2034987	1	24099	FQ312003.1	contig_470000000	99.98		True
CONTIG	contig_470000000	24307	correct
819236	829262	1	10026	FQ312003.1	contig_471000000	99.98		True
CONTIG	contig_471000000	10026	correct
3017342	3028805	11464	1	FQ312003.1	contig_472000000	99.99		True
CONTIG	contig_472000000	11464	correct
2113774	2141562	27789	1	FQ312003.1	contig_473000000	99.97		True
CONTIG	contig_473000000	27789	correct
2953847	2966900	1	13054	FQ312003.1	contig_474000000	99.98		True
CONTIG	contig_474000000	13054	correct
3595636	3620025	1	24390	FQ312003.1	contig_1	99.98		True
CONTIG	contig_1	24390	correct
CONTIG	contig_1000001	22854	unaligned
CONTIG	contig_2000001	20115	unaligned
403368	422048	18681	1	FQ312003.1	contig_3000001	99.99		True
CONTIG	contig_3000001	18681	correct
503787	520748	16962	1	FQ312003.1	contig_4000001	99.99		True
CONTIG	contig_4000001	16962	correct
139085	155409	16325	1	FQ312003.1	contig_5000001	99.98		True
CONTIG	contig_5000001	16325	correct
1926576	1942466	15891	1	FQ312003.1	contig_6000001	99.97		True
CONTIG	contig_6000001	15891	correct
4481193	4497437	1	16233	FQ312003.1	contig_7000001	99.91		True
CONTIG	contig_7000001	16233	correct
4012302	4027107	1	14805	FQ312003.1	contig_8000001	99.99		True
CONTIG	contig_8000001	14805	correct
3215424	3230127	14704	1	FQ312003.1	contig_9000001	99.97		True
CONTIG	contig_9000001	14704	correct
4617464	4631230	1	13768	FQ312003.1	contig_10000001	99.98		True
CONTIG	contig_10000001	13768	correct
1531737	1546654	14918	1	FQ312003.1	contig_11000001	99.97		True
CONTIG	contig_11000001	14918	correct
719490	732122	12633	1	FQ312003.1	contig_12000001	99.98		True
CONTIG	contig_12000001	12633	correct
453220	465965	12746	1	FQ312003.1	contig_13000001	99.99		True
CONTIG	contig_13000001	12746	correct
4313730	4327038	13309	1	FQ312003.1	contig_14000001	99.98		True
CONTIG	contig_14000001	13309	correct
4554773	4555114	342	1	FQ312003.1	contig_15000001	100.0		True
relocation, inconsistency = -12169
4554773	4566941	343	12491	FQ312003.1	contig_15000001	99.81		True
CONTIG	contig_15000001	12491	misassembled
1734837	1749983	15146	1	FQ312003.1	contig_16000001	99.99		True
CONTIG	contig_16000001	15146	correct
1652354	1664043	11690	1	FQ312003.1	contig_17000001	99.98		True
CONTIG	contig_17000001	11690	correct
1515230	1526290	11061	1	FQ312003.1	contig_18000001	99.98		True
CONTIG	contig_18000001	11061	correct
4234035	4246754	1	12720	FQ312003.1	contig_19000001	99.97		True
CONTIG	contig_19000001	12720	correct
4302758	4313760	1	11003	FQ312003.1	contig_20000001	99.99		True
CONTIG	contig_20000001	11003	correct
590735	600571	9837	1	FQ312003.1	contig_21000001	99.98		True
CONTIG	contig_21000001	9837	correct
929976	940129	10154	1	FQ312003.1	contig_22000001	99.97		True
CONTIG	contig_22000001	10154	correct
3783459	3793989	10546	1	FQ312003.1	contig_23000001	99.85		True
CONTIG	contig_23000001	10546	correct
3961822	3974527	1	12705	FQ312003.1	contig_24000001	99.98		True
CONTIG	contig_24000001	12705	correct
4207577	4217307	9731	1	FQ312003.1	contig_25000001	99.97		True
CONTIG	contig_25000001	9731	correct
294836	304300	9465	1	FQ312003.1	contig_26000001	99.97		True
CONTIG	contig_26000001	9465	correct
1073362	1082890	9528	1	FQ312003.1	contig_27000001	99.97		True
CONTIG	contig_27000001	9528	correct
2047001	2057286	1	10286	FQ312003.1	contig_28000001	100.0		True
CONTIG	contig_28000001	10286	correct
2149102	2158450	9349	1	FQ312003.1	contig_29000001	100.0		True
inversion
2149102	2149838	9350	10086	FQ312003.1	contig_29000001	100.0		True
CONTIG	contig_29000001	10086	misassembled
47593	56952	9360	1	FQ312003.1	contig_30000001	99.98		True
CONTIG	contig_30000001	9360	correct
4153793	4162726	1	8934	FQ312003.1	contig_31000001	99.97		True
CONTIG	contig_31000001	8934	correct
3693276	3702044	1	8769	FQ312003.1	contig_32000001	100.0		True
CONTIG	contig_32000001	8769	correct
4745134	4754190	9057	1	FQ312003.1	contig_33000001	99.98		True
CONTIG	contig_33000001	9057	correct
984255	995300	1	11046	FQ312003.1	contig_34000001	100.0		True
CONTIG	contig_34000001	11046	correct
1426278	1439429	1	13152	FQ312003.1	contig_35000001	99.97		True
CONTIG	contig_35000001	13152	correct
2533216	2534316	1101	1	FQ312003.1	contig_36000001	99.91		True
relocation, inconsistency = -9651
2533216	2542866	1102	10752	FQ312003.1	contig_36000001	99.99		True
CONTIG	contig_36000001	10752	misassembled
2555262	2565032	9771	1	FQ312003.1	contig_37000001	99.97		True
CONTIG	contig_37000001	9771	correct
4865930	4874658	1	8729	FQ312003.1	contig_38000001	100.0		True
CONTIG	contig_38000001	8729	correct
1621784	1634927	1	13144	FQ312003.1	contig_39000001	100.0		True
CONTIG	contig_39000001	13144	correct
1440374	1449366	8993	1	FQ312003.1	contig_40000001	99.96		True
CONTIG	contig_40000001	8993	correct
3827431	3835719	8289	1	FQ312003.1	contig_41000001	100.0		True
CONTIG	contig_41000001	8289	correct
3841158	3849461	1	8304	FQ312003.1	contig_42000001	100.0		True
CONTIG	contig_42000001	8304	correct
939347	947967	8622	1	FQ312003.1	contig_43000001	99.98		True
CONTIG	contig_43000001	8622	correct
159902	169099	9198	1	FQ312003.1	contig_44000001	99.97		True
CONTIG	contig_44000001	9198	correct
868923	880065	11143	1	FQ312003.1	contig_45000001	99.98		True
CONTIG	contig_45000001	11143	correct
4835335	4842830	7489	1	FQ312003.1	contig_46000001	99.81		True
CONTIG	contig_46000001	7489	correct
2167003	2177669	10667	1	FQ312003.1	contig_47000001	100.0		True
CONTIG	contig_47000001	10667	correct
659855	668822	1	8968	FQ312003.1	contig_48000001	99.99		True
CONTIG	contig_48000001	8968	correct
1893476	1901614	1	8139	FQ312003.1	contig_49000001	99.98		True
CONTIG	contig_49000001	8139	correct
3147743	3155412	1	7670	FQ312003.1	contig_50000001	99.99		True
CONTIG	contig_50000001	7670	correct
4109320	4117192	1	7873	FQ312003.1	contig_51000001	99.99		True
CONTIG	contig_51000001	7873	correct
3924152	3931777	7626	1	FQ312003.1	contig_52000001	99.99		True
CONTIG	contig_52000001	7626	correct
4200642	4207601	6960	1	FQ312003.1	contig_53000001	99.99		True
CONTIG	contig_53000001	6960	correct
1724677	1735053	10377	1	FQ312003.1	contig_54000001	99.96		True
CONTIG	contig_54000001	10377	correct
4026400	4034069	1	7670	FQ312003.1	contig_55000001	99.93		True
CONTIG	contig_55000001	7670	correct
3576978	3583931	1	6954	FQ312003.1	contig_56000001	99.97		True
CONTIG	contig_56000001	6954	correct
1122547	1130845	1	8299	FQ312003.1	contig_57000001	100.0		True
CONTIG	contig_57000001	8299	correct
340661	350621	9961	1	FQ312003.1	contig_58000001	99.98		True
CONTIG	contig_58000001	9961	correct
1374431	1380647	6217	1	FQ312003.1	contig_59000001	99.95		True
CONTIG	contig_59000001	6217	correct
3043676	3050832	7157	1	FQ312003.1	contig_60000001	99.97		True
CONTIG	contig_60000001	7157	correct
473993	480178	1	6186	FQ312003.1	contig_61000001	99.98		True
CONTIG	contig_61000001	6186	correct
2286922	2293657	1	6736	FQ312003.1	contig_62000001	100.0		True
CONTIG	contig_62000001	6736	correct
2607650	2613689	1	6040	FQ312003.1	contig_63000001	100.0		True
CONTIG	contig_63000001	6040	correct
2648714	2649838	1125	1	FQ312003.1	contig_64000001	100.0		True
relocation, inconsistency = -7500
2648714	2656213	1126	8625	FQ312003.1	contig_64000001	99.99		True
CONTIG	contig_64000001	8625	misassembled
673742	680276	6535	1	FQ312003.1	contig_65000001	100.0		True
CONTIG	contig_65000001	6535	correct
3657505	3664983	7479	1	FQ312003.1	contig_66000001	99.99		True
CONTIG	contig_66000001	7479	correct
3730743	3736782	1	6041	FQ312003.1	contig_67000001	99.95		True
CONTIG	contig_67000001	6041	correct
1317856	1324392	1	6537	FQ312003.1	contig_68000001	99.98		True
CONTIG	contig_68000001	6537	correct
2938324	2944781	6458	1	FQ312003.1	contig_69000001	99.97		True
inversion
2937357	2938323	6459	7425	FQ312003.1	contig_69000001	99.9		True
CONTIG	contig_69000001	7526	misassembled
1351211	1351770	1	560	FQ312003.1	contig_70000001	100.0		True
inversion
1346042	1351770	6289	561	FQ312003.1	contig_70000001	99.98		True
CONTIG	contig_70000001	6289	misassembled
791159	793264	2105	1	FQ312003.1	contig_71000001	99.91		True
relocation, inconsistency = -6978
791159	798136	2106	9082	FQ312003.1	contig_71000001	99.97		True
CONTIG	contig_71000001	9082	misassembled
2075295	2081039	1	5745	FQ312003.1	contig_72000001	100.0		True
CONTIG	contig_72000001	5745	correct
1194317	1200493	6177	1	FQ312003.1	contig_73000001	100.0		True
CONTIG	contig_73000001	6177	correct
2413212	2419965	6754	1	FQ312003.1	contig_74000001	99.99		True
CONTIG	contig_74000001	6754	correct
2826063	2829570	3508	1	FQ312003.1	contig_75000001	99.97		True
relocation, inconsistency = 10775
2812906	2815287	5890	3509	FQ312003.1	contig_75000001	99.96		True
CONTIG	contig_75000001	5890	misassembled
4228382	4234068	5675	1	FQ312003.1	contig_76000001	99.79		True
CONTIG	contig_76000001	5675	correct
4518926	4527060	1	8135	FQ312003.1	contig_77000001	100.0		True
CONTIG	contig_77000001	8135	correct
749603	755897	6295	1	FQ312003.1	contig_78000001	99.97		True
CONTIG	contig_78000001	6295	correct
CONTIG	contig_79000001	5781	unaligned
1749882	1759334	1	9453	FQ312003.1	contig_80000001	100.0		True
CONTIG	contig_80000001	9453	correct
1360916	1366353	5438	1	FQ312003.1	contig_81000001	100.0		True
CONTIG	contig_81000001	5438	correct
3168238	3175322	7085	1	FQ312003.1	contig_82000001	100.0		True
CONTIG	contig_82000001	7085	correct
2401285	2409323	1	8039	FQ312003.1	contig_83000001	99.98		True
CONTIG	contig_83000001	8039	correct
4366820	4372271	1	5452	FQ312003.1	contig_84000001	99.98		True
CONTIG	contig_84000001	5452	correct
480169	485706	5538	1	FQ312003.1	contig_85000001	99.98		True
CONTIG	contig_85000001	5538	correct
1689577	1695171	1	5595	FQ312003.1	contig_86000001	100.0		True
CONTIG	contig_86000001	5595	correct
3441605	3447578	5974	1	FQ312003.1	contig_87000001	100.0		True
CONTIG	contig_87000001	5974	correct
2481270	2487678	1	6409	FQ312003.1	contig_88000001	99.95		True
CONTIG	contig_88000001	6409	correct
3759772	3765166	5395	1	FQ312003.1	contig_89000001	100.0		True
CONTIG	contig_89000001	5395	correct
4585265	4592761	1	7497	FQ312003.1	contig_90000001	100.0		True
CONTIG	contig_90000001	7497	correct
531231	537403	6173	1	FQ312003.1	contig_91000001	99.97		True
CONTIG	contig_91000001	6173	correct
2351794	2358637	6844	1	FQ312003.1	contig_92000001	99.97		True
inversion
2351794	2352262	6845	7313	FQ312003.1	contig_92000001	100.0		True
CONTIG	contig_92000001	7313	misassembled
3771672	3778222	6551	1	FQ312003.1	contig_93000001	100.0		True
CONTIG	contig_93000001	6551	correct
2828708	2837571	1	8865	FQ312003.1	contig_94000001	99.97		True
CONTIG	contig_94000001	8865	correct
2837597	2843514	1	5918	FQ312003.1	contig_95000001	99.98		True
CONTIG	contig_95000001	6104	correct
3264588	3269487	1	4900	FQ312003.1	contig_96000001	99.98		True
CONTIG	contig_96000001	4900	correct
2843329	2848706	1	5378	FQ312003.1	contig_97000001	100.0		True
CONTIG	contig_97000001	5378	correct
3124626	3130239	5614	1	FQ312003.1	contig_98000001	99.98		True
CONTIG	contig_98000001	5614	correct
3253271	3259449	6178	1	FQ312003.1	contig_99000001	99.98		True
CONTIG	contig_99000001	6178	correct
3555703	3560951	5249	1	FQ312003.1	contig_100000001	100.0		True
CONTIG	contig_100000001	5249	correct
1865476	1871894	6419	1	FQ312003.1	contig_101000001	100.0		True
CONTIG	contig_101000001	6419	correct
305956	314001	8046	1	FQ312003.1	contig_102000001	99.98		True
CONTIG	contig_102000001	8046	correct
3028104	3032741	1	4638	FQ312003.1	contig_103000001	99.94		True
CONTIG	contig_103000001	4638	correct
59018	63651	1	4634	FQ312003.1	contig_104000001	99.98		True
CONTIG	contig_104000001	4634	correct
523081	529103	6023	1	FQ312003.1	contig_105000001	99.97		True
CONTIG	contig_105000001	6023	correct
3860221	3865392	5172	1	FQ312003.1	contig_106000001	99.98		True
CONTIG	contig_106000001	5172	correct
800696	805240	1	4545	FQ312003.1	contig_107000001	100.0		True
CONTIG	contig_107000001	4545	correct
1668458	1675395	6938	1	FQ312003.1	contig_108000001	100.0		True
CONTIG	contig_108000001	6938	correct
1774859	1779799	4941	1	FQ312003.1	contig_109000001	100.0		True
CONTIG	contig_109000001	4941	correct
1215709	1220166	1	4458	FQ312003.1	contig_110000001	100.0		True
CONTIG	contig_110000001	4458	correct
880031	884761	1	4731	FQ312003.1	contig_111000001	99.98		True
CONTIG	contig_111000001	4731	correct
4611846	4617076	5230	1	FQ312003.1	contig_112000001	99.94		True
relocation, inconsistency = -2154
4611846	4613999	5231	7384	FQ312003.1	contig_112000001	100.0		True
CONTIG	contig_112000001	7384	misassembled
4084172	4089793	5622	1	FQ312003.1	contig_113000001	99.98		True
CONTIG	contig_113000001	5622	correct
1356522	1361532	5011	1	FQ312003.1	contig_114000001	100.0		True
CONTIG	contig_114000001	5011	correct
947095	952427	5333	1	FQ312003.1	contig_115000001	99.96		True
CONTIG	contig_115000001	5333	correct
CONTIG	contig_116000001	4386	unaligned
1382678	1392645	176	10143	FQ312003.1	contig_117000001	99.97		True
CONTIG	contig_117000001	10143	correct
574151	578725	1	4575	FQ312003.1	contig_118000001	100.0		True
CONTIG	contig_118000001	4575	correct
4820886	4828427	7542	1	FQ312003.1	contig_119000001	99.99		True
CONTIG	contig_119000001	7542	correct
4740944	4745363	4420	1	FQ312003.1	contig_120000001	99.98		True
CONTIG	contig_120000001	4420	correct
2900554	2904619	220	4286	FQ312003.1	contig_121000001	99.98		True
CONTIG	contig_121000001	4286	correct
3268910	3274045	5136	1	FQ312003.1	contig_122000001	100.0		True
CONTIG	contig_122000001	5136	correct
2496456	2501421	1	4966	FQ312003.1	contig_123000001	100.0		True
CONTIG	contig_123000001	4966	correct
4693216	4697356	4141	1	FQ312003.1	contig_124000001	99.93		True
CONTIG	contig_124000001	4141	correct
2301254	2306620	1	5367	FQ312003.1	contig_125000001	100.0		True
CONTIG	contig_125000001	5367	correct
1902444	1906511	1	4068	FQ312003.1	contig_126000001	100.0		True
CONTIG	contig_126000001	4068	correct
4774378	4783138	8761	1	FQ312003.1	contig_127000001	100.0		True
CONTIG	contig_127000001	8761	correct
4711990	4717730	1	5741	FQ312003.1	contig_128000001	99.97		True
CONTIG	contig_128000001	5741	correct
1716960	1722244	1	5285	FQ312003.1	contig_129000001	99.96		True
CONTIG	contig_129000001	5285	correct
4116785	4117192	408	1	FQ312003.1	contig_130000001	100.0		True
relocation, inconsistency = -4358
4116785	4121142	409	4770	FQ312003.1	contig_130000001	99.86		True
CONTIG	contig_130000001	4770	misassembled
3636081	3640604	4524	1	FQ312003.1	contig_131000001	99.98		True
CONTIG	contig_131000001	4524	correct
3289827	3293720	1	3894	FQ312003.1	contig_132000001	100.0		True
CONTIG	contig_132000001	3894	correct
680057	683949	3893	1	FQ312003.1	contig_133000001	99.97		True
CONTIG	contig_133000001	3893	correct
1158085	1162640	1	4556	FQ312003.1	contig_134000001	99.98		True
CONTIG	contig_134000001	4705	correct
42008	47085	5078	1	FQ312003.1	contig_135000001	99.94		True
CONTIG	contig_135000001	5078	correct
271875	276164	4290	1	FQ312003.1	contig_136000001	99.95		True
CONTIG	contig_136000001	4290	correct
2393581	2398249	1	4669	FQ312003.1	contig_137000001	100.0		True
CONTIG	contig_137000001	4669	correct
424404	428287	1	3884	FQ312003.1	contig_138000001	100.0		True
CONTIG	contig_138000001	3884	correct
1047941	1052771	4831	1	FQ312003.1	contig_139000001	100.0		True
CONTIG	contig_139000001	4831	correct
4174285	4179343	5059	1	FQ312003.1	contig_140000001	100.0		True
CONTIG	contig_140000001	5059	correct
655313	659129	3817	1	FQ312003.1	contig_141000001	99.95		True
CONTIG	contig_141000001	3817	correct
1995015	1999068	1	4054	FQ312003.1	contig_142000001	100.0		True
CONTIG	contig_142000001	4054	correct
2581425	2586455	1	5031	FQ312003.1	contig_143000001	99.96		True
CONTIG	contig_143000001	5031	correct
3867957	3874711	1	6755	FQ312003.1	contig_144000001	99.99		True
CONTIG	contig_144000001	6755	correct
1872660	1877087	4428	1	FQ312003.1	contig_145000001	99.98		True
CONTIG	contig_145000001	4428	correct
2475961	2480087	1	4127	FQ312003.1	contig_146000001	100.0		True
CONTIG	contig_146000001	4127	correct
4513949	4518626	1	4678	FQ312003.1	contig_147000001	100.0		True
CONTIG	contig_147000001	4678	correct
1176904	1178436	1533	1	FQ312003.1	contig_148000001	100.0		True
relocation, inconsistency = -3628
1176904	1180531	1534	5161	FQ312003.1	contig_148000001	100.0		True
CONTIG	contig_148000001	5161	misassembled
2087897	2091953	4057	1	FQ312003.1	contig_149000001	100.0		True
CONTIG	contig_149000001	4057	correct
1525685	1530301	1	4617	FQ312003.1	contig_150000001	99.96		True
CONTIG	contig_150000001	4617	correct
1908719	1914650	1	5932	FQ312003.1	contig_151000001	99.98		True
CONTIG	contig_151000001	5932	correct
1190384	1194563	1	4180	FQ312003.1	contig_152000001	100.0		True
CONTIG	contig_152000001	4180	correct
968472	971993	3522	1	FQ312003.1	contig_153000001	99.97		True
CONTIG	contig_153000001	3522	correct
174809	180007	1	5199	FQ312003.1	contig_154000001	100.0		True
CONTIG	contig_154000001	5199	correct
1711676	1715859	4184	1	FQ312003.1	contig_155000001	99.98		True
CONTIG	contig_155000001	4184	correct
636253	639713	1	3461	FQ312003.1	contig_156000001	99.97		True
CONTIG	contig_156000001	3461	correct
1330830	1335049	4220	1	FQ312003.1	contig_157000001	99.98		True
CONTIG	contig_157000001	4220	correct
4089201	4092643	3443	1	FQ312003.1	contig_158000001	99.97		True
CONTIG	contig_158000001	3443	correct
3632632	3636363	3732	1	FQ312003.1	contig_159000001	100.0		True
CONTIG	contig_159000001	3732	correct
3885784	3889210	3427	1	FQ312003.1	contig_160000001	99.97		True
CONTIG	contig_160000001	3427	correct
537983	542519	4537	1	FQ312003.1	contig_161000001	100.0		True
CONTIG	contig_161000001	4537	correct
4789607	4792937	3331	1	FQ312003.1	contig_162000001	100.0		True
CONTIG	contig_162000001	3331	correct
1842871	1846186	1	3316	FQ312003.1	contig_163000001	100.0		True
CONTIG	contig_163000001	3316	correct
1759363	1761775	2413	1	FQ312003.1	contig_164000001	99.96		True
relocation, inconsistency = -5580
1759359	1764942	2414	7997	FQ312003.1	contig_164000001	99.96		True
CONTIG	contig_164000001	7997	misassembled
398173	402257	1	4085	FQ312003.1	contig_165000001	100.0		True
CONTIG	contig_165000001	4085	correct
3489219	3492438	1	3220	FQ312003.1	contig_166000001	99.97		True
CONTIG	contig_166000001	3220	correct
1335597	1338801	1	3205	FQ312003.1	contig_167000001	100.0		True
CONTIG	contig_167000001	3205	correct
892979	898080	1	5102	FQ312003.1	contig_168000001	99.98		True
CONTIG	contig_168000001	5102	correct
582608	587847	1	5240	FQ312003.1	contig_169000001	99.96		True
CONTIG	contig_169000001	5240	correct
1778782	1783085	1	4304	FQ312003.1	contig_170000001	99.98		True
CONTIG	contig_170000001	4304	correct
577949	581829	1	3881	FQ312003.1	contig_171000001	100.0		True
CONTIG	contig_171000001	3881	correct
1237360	1241060	1	3701	FQ312003.1	contig_172000001	100.0		True
CONTIG	contig_172000001	3701	correct
2319259	2326793	7535	1	FQ312003.1	contig_173000001	99.99		True
CONTIG	contig_173000001	7535	correct
2530107	2534316	4210	1	FQ312003.1	contig_174000001	99.95		True
CONTIG	contig_174000001	4210	correct
2093960	2094636	677	1	FQ312003.1	contig_175000001	100.0		True
relocation, inconsistency = -3624
2093960	2097583	678	4301	FQ312003.1	contig_175000001	99.97		True
CONTIG	contig_175000001	4301	misassembled
4636352	4640817	1	4466	FQ312003.1	contig_176000001	100.0		True
CONTIG	contig_176000001	4466	correct
3319666	3322776	1	3111	FQ312003.1	contig_177000001	99.9		True
CONTIG	contig_177000001	3111	correct
1946553	1949538	1	2986	FQ312003.1	contig_178000001	99.97		True
CONTIG	contig_178000001	2986	correct
2035000	2038787	3788	1	FQ312003.1	contig_179000001	99.97		True
CONTIG	contig_179000001	3788	correct
4795273	4796843	1	1571	FQ312003.1	contig_180000001	100.0		True
relocation, inconsistency = -1573
4793302	4796845	5115	1572	FQ312003.1	contig_180000001	99.97		True
CONTIG	contig_180000001	5115	misassembled
3382992	3387933	1	4941	FQ312003.1	contig_181000001	99.98		True
CONTIG	contig_181000001	4941	correct
3704018	3708017	4000	1	FQ312003.1	contig_182000001	100.0		True
CONTIG	contig_182000001	4000	correct
2459790	2463328	1	3539	FQ312003.1	contig_183000001	99.97		True
CONTIG	contig_183000001	3539	correct
36480	40183	1	3704	FQ312003.1	contig_184000001	99.97		True
CONTIG	contig_184000001	3704	correct
2526653	2529547	2895	1	FQ312003.1	contig_185000001	100.0		True
CONTIG	contig_185000001	2895	correct
CONTIG	contig_186000001	6009	unaligned
2433763	2439714	5952	1	FQ312003.1	contig_187000001	100.0		True
CONTIG	contig_187000001	5952	correct
3486558	3489949	1	3392	FQ312003.1	contig_188000001	100.0		True
CONTIG	contig_188000001	3392	correct
2457380	2460070	1	2691	FQ312003.1	contig_189000001	100.0		True
CONTIG	contig_189000001	2691	correct
CONTIG	contig_190000001	2675	unaligned
834757	839104	4348	1	FQ312003.1	contig_191000001	99.95		True
CONTIG	contig_191000001	4348	correct
4223092	4226473	1	3382	FQ312003.1	contig_192000001	100.0		True
CONTIG	contig_192000001	3382	correct
2589262	2592797	3536	1	FQ312003.1	contig_193000001	100.0		True
CONTIG	contig_193000001	3536	correct
4046779	4049646	2906	39	FQ312003.1	contig_194000001	100.0		True
CONTIG	contig_194000001	2906	correct
650328	652896	2569	1	FQ312003.1	contig_195000001	99.96		True
CONTIG	contig_195000001	2569	correct
2921430	2924089	2660	1	FQ312003.1	contig_196000001	99.96		True
CONTIG	contig_196000001	2660	correct
628815	631627	1	2813	FQ312003.1	contig_197000001	99.93		True
CONTIG	contig_197000001	2813	correct
921998	927190	5193	1	FQ312003.1	contig_198000001	99.96		True
CONTIG	contig_198000001	5193	correct
1859569	1862140	2572	1	FQ312003.1	contig_199000001	99.92		True
CONTIG	contig_199000001	2572	correct
CONTIG	contig_200000001	3659	unaligned
3249069	3253168	4100	1	FQ312003.1	contig_201000001	99.93		True
CONTIG	contig_201000001	4100	correct
2758964	2761525	2562	1	FQ312003.1	contig_202000001	99.92		True
CONTIG	contig_202000001	2562	correct
3936952	3941386	1	4435	FQ312003.1	contig_203000001	99.98		True
CONTIG	contig_203000001	4435	correct
3883393	3885820	2428	1	FQ312003.1	contig_204000001	99.96		True
CONTIG	contig_204000001	2428	correct
81689	84772	3084	1	FQ312003.1	contig_205000001	99.97		True
CONTIG	contig_205000001	3084	correct
3574972	3577636	1	2665	FQ312003.1	contig_206000001	100.0		True
CONTIG	contig_206000001	2665	correct
3262138	3264755	1	2618	FQ312003.1	contig_207000001	99.96		True
CONTIG	contig_207000001	2618	correct
420797	424425	1	3629	FQ312003.1	contig_208000001	100.0		True
CONTIG	contig_208000001	3629	correct
4797878	4801278	1	3401	FQ312003.1	contig_209000001	100.0		True
CONTIG	contig_209000001	3401	correct
700745	704167	3423	1	FQ312003.1	contig_210000001	100.0		True
CONTIG	contig_210000001	3423	correct
805206	812612	7407	1	FQ312003.1	contig_211000001	99.99		True
CONTIG	contig_211000001	7407	correct
2381527	2384335	1	2809	FQ312003.1	contig_212000001	99.93		True
CONTIG	contig_212000001	2809	correct
1906140	1909183	1	3044	FQ312003.1	contig_213000001	100.0		True
CONTIG	contig_213000001	3044	correct
56643	59201	2559	1	FQ312003.1	contig_214000001	100.0		True
CONTIG	contig_214000001	2559	correct
1232752	1235370	1	2619	FQ312003.1	contig_215000001	100.0		True
CONTIG	contig_215000001	2619	correct
3849452	3851992	1	2532	FQ312003.1	contig_216000001	99.65		True
CONTIG	contig_216000001	2532	correct
3897937	3900745	2809	1	FQ312003.1	contig_217000001	99.96		True
CONTIG	contig_217000001	2809	correct
2741494	2741676	183	1	FQ312003.1	contig_218000001	100.0		True
local misassembly
2738674	2741187	2949	436	FQ312003.1	contig_218000001	98.89		True
CONTIG	contig_218000001	2952	correct
3974630	3977613	2984	1	FQ312003.1	contig_219000001	100.0		True
CONTIG	contig_219000001	2984	correct
3079488	3083703	1	4231	FQ312003.1	contig_220000001	99.62		True
CONTIG	contig_220000001	4231	correct
3201777	3204482	2706	1	FQ312003.1	contig_221000001	99.96		True
CONTIG	contig_221000001	2706	correct
275695	279318	1	3624	FQ312003.1	contig_222000001	100.0		True
CONTIG	contig_222000001	3624	correct
2063515	2063603	2147	2059	FQ312003.1	contig_223000001	100.0		True
CONTIG	contig_223000001	2147	correct_unaligned
227729	229788	1	2060	FQ312003.1	contig_224000001	100.0		True
inversion
229133	229786	2714	2061	FQ312003.1	contig_224000001	100.0		True
CONTIG	contig_224000001	2714	misassembled
617502	621425	3924	1	FQ312003.1	contig_225000001	99.95		True
CONTIG	contig_225000001	3924	correct
33061	36843	1	3783	FQ312003.1	contig_226000001	99.97		True
CONTIG	contig_226000001	3783	correct
4691272	4694024	2753	1	FQ312003.1	contig_227000001	99.96		True
CONTIG	contig_227000001	2753	correct
1306107	1308355	2249	1	FQ312003.1	contig_228000001	100.0		True
CONTIG	contig_228000001	2249	correct
2493171	2495119	1949	1	FQ312003.1	contig_229000001	100.0		True
CONTIG	contig_229000001	1949	correct
704049	706652	1	2604	FQ312003.1	contig_230000001	100.0		True
CONTIG	contig_230000001	2604	correct
797987	800723	1	2737	FQ312003.1	contig_231000001	100.0		True
CONTIG	contig_231000001	2737	correct
1186786	1189886	3101	1	FQ312003.1	contig_232000001	99.97		True
CONTIG	contig_232000001	3148	correct
3593674	3597781	1	4108	FQ312003.1	contig_233000001	100.0		True
CONTIG	contig_233000001	4108	correct
1715141	1717044	1904	1	FQ312003.1	contig_234000001	100.0		True
CONTIG	contig_234000001	1904	correct
2735259	2738799	1	3542	FQ312003.1	contig_235000001	97.91		True
CONTIG	contig_235000001	3542	correct
521688	523871	1	2184	FQ312003.1	contig_236000001	99.95		True
CONTIG	contig_236000001	2184	correct
3260201	3262013	1813	1	FQ312003.1	contig_237000001	99.94		True
CONTIG	contig_237000001	1813	correct
2516688	2519407	2720	1	FQ312003.1	contig_238000001	99.89		True
CONTIG	contig_238000001	2720	correct
2605909	2608283	2375	1	FQ312003.1	contig_239000001	100.0		True
CONTIG	contig_239000001	2375	correct
3123088	3125013	1	1926	FQ312003.1	contig_240000001	100.0		True
CONTIG	contig_240000001	1926	correct
1101584	1103915	2332	1	FQ312003.1	contig_241000001	100.0		True
relocation, inconsistency = -2332
1101584	1103915	2333	4664	FQ312003.1	contig_241000001	100.0		True
CONTIG	contig_241000001	4664	misassembled
4069392	4071759	1	2368	FQ312003.1	contig_242000001	100.0		True
CONTIG	contig_242000001	2368	correct
2728584	2730389	1806	1	FQ312003.1	contig_243000001	100.0		True
CONTIG	contig_243000001	2059	correct
2512620	2516639	1	4020	FQ312003.1	contig_244000001	99.98		True
CONTIG	contig_244000001	4020	correct
3239142	3240891	1	1750	FQ312003.1	contig_245000001	100.0		True
CONTIG	contig_245000001	1750	correct
3640624	3642562	1	1939	FQ312003.1	contig_246000001	99.95		True
CONTIG	contig_246000001	1939	correct
1307330	1309788	2460	1	FQ312003.1	contig_247000001	99.96		True
CONTIG	contig_247000001	2460	correct
370670	372453	1784	1	FQ312003.1	contig_248000001	100.0		True
CONTIG	contig_248000001	1784	correct
1338471	1340765	2295	1	FQ312003.1	contig_249000001	100.0		True
CONTIG	contig_249000001	2295	correct
3708600	3711410	1	2811	FQ312003.1	contig_250000001	100.0		True
CONTIG	contig_250000001	2811	correct
2474304	2476626	2323	1	FQ312003.1	contig_251000001	100.0		True
CONTIG	contig_251000001	2323	correct
1923813	1926788	2976	1	FQ312003.1	contig_252000001	99.97		True
CONTIG	contig_252000001	2976	correct
1861916	1864260	2345	1	FQ312003.1	contig_253000001	99.96		True
CONTIG	contig_253000001	2345	correct
1180970	1181460	491	1	FQ312003.1	contig_254000001	100.0		True
relocation, inconsistency = 196901
982420	984068	2140	492	FQ312003.1	contig_254000001	100.0		True
CONTIG	contig_254000001	2140	misassembled
1845561	1848266	2706	1	FQ312003.1	contig_255000001	100.0		True
CONTIG	contig_255000001	2706	correct
631597	633117	1	1521	FQ312003.1	contig_256000001	99.8		True
CONTIG	contig_256000001	1521	correct
3901235	3903582	1	2348	FQ312003.1	contig_257000001	100.0		True
CONTIG	contig_257000001	2348	correct
2617627	2620067	1	2441	FQ312003.1	contig_258000001	100.0		True
CONTIG	contig_258000001	2441	correct
4099845	4101766	1922	1	FQ312003.1	contig_259000001	99.95		True
CONTIG	contig_259000001	1922	correct
2577569	2579899	2331	1	FQ312003.1	contig_260000001	99.96		True
CONTIG	contig_260000001	2331	correct
1998492	2002508	1	4017	FQ312003.1	contig_261000001	99.98		True
CONTIG	contig_261000001	4017	correct
1665618	1668950	3333	1	FQ312003.1	contig_262000001	100.0		True
CONTIG	contig_262000001	3333	correct
3520101	3522487	1	2387	FQ312003.1	contig_263000001	99.96		True
CONTIG	contig_263000001	2387	correct
2543484	2545000	1	1517	FQ312003.1	contig_264000001	100.0		True
CONTIG	contig_264000001	1517	correct
4689895	4691637	1	1743	FQ312003.1	contig_265000001	99.94		True
CONTIG	contig_265000001	1743	correct
906141	908030	1890	1	FQ312003.1	contig_266000001	100.0		True
CONTIG	contig_266000001	1890	correct
2495089	2496701	1	1613	FQ312003.1	contig_267000001	100.0		True
CONTIG	contig_267000001	1613	correct
3450789	3452315	1527	1	FQ312003.1	contig_268000001	100.0		True
CONTIG	contig_268000001	1527	correct
383650	387019	3370	1	FQ312003.1	contig_269000001	100.0		True
CONTIG	contig_269000001	3370	correct
2338398	2339859	1462	1	FQ312003.1	contig_270000001	99.93		True
CONTIG	contig_270000001	1462	correct
748163	750265	1	2103	FQ312003.1	contig_271000001	99.95		True
CONTIG	contig_271000001	2103	correct
278673	279982	1310	1	FQ312003.1	contig_272000001	100.0		True
CONTIG	contig_272000001	1310	correct
501453	503033	1	1581	FQ312003.1	contig_273000001	100.0		True
CONTIG	contig_273000001	1581	correct
369343	370663	1	1321	FQ312003.1	contig_274000001	100.0		True
inversion
370281	370659	1700	1322	FQ312003.1	contig_274000001	100.0		True
CONTIG	contig_274000001	1700	misassembled
683445	685200	1756	1	FQ312003.1	contig_275000001	99.94		True
CONTIG	contig_275000001	1756	correct
396927	399120	1	2194	FQ312003.1	contig_276000001	100.0		True
CONTIG	contig_276000001	2194	correct
653411	655737	1	2327	FQ312003.1	contig_277000001	99.91		True
CONTIG	contig_277000001	2327	correct
3275723	3278238	1	2516	FQ312003.1	contig_278000001	100.0		True
CONTIG	contig_278000001	2516	correct
3338542	3339783	1	1242	FQ312003.1	contig_279000001	99.92		True
CONTIG	contig_279000001	1242	correct
1057382	1059168	1787	1	FQ312003.1	contig_280000001	99.89		True
CONTIG	contig_280000001	1787	correct
1287214	1291181	1	3968	FQ312003.1	contig_281000001	99.95		True
CONTIG	contig_281000001	3968	correct
2081932	2083498	1567	1	FQ312003.1	contig_282000001	100.0		True
CONTIG	contig_282000001	1567	correct
4355791	4358954	3164	1	FQ312003.1	contig_283000001	100.0		True
CONTIG	contig_283000001	3164	correct
2336161	2337372	1	1212	FQ312003.1	contig_284000001	99.92		True
CONTIG	contig_284000001	1212	correct
744999	745446	448	1	FQ312003.1	contig_285000001	100.0		True
relocation, inconsistency = -1155
744999	746153	449	1603	FQ312003.1	contig_285000001	100.0		True
inversion
745647	746153	2110	1604	FQ312003.1	contig_285000001	100.0		True
CONTIG	contig_285000001	2110	misassembled
4497013	4498350	1	1338	FQ312003.1	contig_286000001	100.0		True
relocation, inconsistency = -1334
4497013	4498346	2672	1339	FQ312003.1	contig_286000001	100.0		True
CONTIG	contig_286000001	2672	misassembled
2299841	2301285	1	1445	FQ312003.1	contig_287000001	100.0		True
CONTIG	contig_287000001	1445	correct
2345758	2347823	1	2066	FQ312003.1	contig_288000001	99.81		True
CONTIG	contig_288000001	2066	correct
3651343	3653020	1	1678	FQ312003.1	contig_289000001	99.76		True
CONTIG	contig_289000001	1678	correct
658909	660218	1	1310	FQ312003.1	contig_290000001	100.0		True
CONTIG	contig_290000001	1310	correct
CONTIG	contig_291000001	1117	unaligned
1919275	1920399	1	1125	FQ312003.1	contig_292000001	100.0		True
CONTIG	contig_292000001	1125	correct
951757	953604	1	1848	FQ312003.1	contig_293000001	99.89		True
CONTIG	contig_293000001	1848	correct
2193217	2194590	1	1374	FQ312003.1	contig_294000001	100.0		True
CONTIG	contig_294000001	1374	correct
2067543	2068811	1269	1	FQ312003.1	contig_295000001	99.84		True
CONTIG	contig_295000001	1269	correct
1162344	1163508	1165	1	FQ312003.1	contig_296000001	99.91		True
CONTIG	contig_296000001	1165	correct
784796	786257	1	1462	FQ312003.1	contig_297000001	100.0		True
CONTIG	contig_297000001	1462	correct
2629595	2631593	1	1999	FQ312003.1	contig_298000001	99.95		True
inversion
2631135	2631593	2458	2000	FQ312003.1	contig_298000001	100.0		True
CONTIG	contig_298000001	2458	misassembled
2927514	2929277	1774	1	FQ312003.1	contig_299000001	99.44		True
CONTIG	contig_299000001	1774	correct
4541838	4542890	1053	1	FQ312003.1	contig_300000001	100.0		True
CONTIG	contig_300000001	1053	correct
2488719	2493378	1	4660	FQ312003.1	contig_301000001	100.0		True
CONTIG	contig_301000001	4660	correct
3982009	3983257	1249	1	FQ312003.1	contig_302000001	100.0		True
CONTIG	contig_302000001	1249	correct
2332985	2334270	1286	1	FQ312003.1	contig_303000001	99.84		True
CONTIG	contig_303000001	1286	correct
2080962	2082009	1	1048	FQ312003.1	contig_304000001	100.0		True
CONTIG	contig_304000001	1048	correct
2063515	2065601	2087	1	FQ312003.1	contig_305000001	100.0		True
CONTIG	contig_305000001	2087	correct
1059227	1061000	1774	1	FQ312003.1	contig_306000001	99.66		True
CONTIG	contig_306000001	1774	correct
1097940	1098836	897	1	FQ312003.1	contig_307000001	100.0		True
CONTIG	contig_307000001	897	correct
2755635	2756766	1132	1	FQ312003.1	contig_308000001	100.0		True
CONTIG	contig_308000001	1132	correct
1663826	1665658	1	1833	FQ312003.1	contig_309000001	99.95		True
CONTIG	contig_309000001	1833	correct
4801248	4802097	1	850	FQ312003.1	contig_310000001	99.88		True
CONTIG	contig_310000001	850	correct
2904229	2907847	1	3619	FQ312003.1	contig_311000001	99.97		True
CONTIG	contig_311000001	3619	correct
1061596	1062458	1	863	FQ312003.1	contig_312000001	100.0		True
CONTIG	contig_312000001	863	correct
488870	491389	2520	1	FQ312003.1	contig_313000001	100.0		True
CONTIG	contig_313000001	2520	correct
3932022	3933106	1	1085	FQ312003.1	contig_314000001	100.0		True
CONTIG	contig_314000001	1085	correct
2935905	2936879	975	1	FQ312003.1	contig_315000001	100.0		True
CONTIG	contig_315000001	975	correct
3625336	3627009	1	1674	FQ312003.1	contig_316000001	100.0		True
CONTIG	contig_316000001	1674	correct
3528622	3530204	1583	1	FQ312003.1	contig_317000001	100.0		True
CONTIG	contig_317000001	1583	correct
13229	18208	1	4980	FQ312003.1	contig_318000001	99.96		True
CONTIG	contig_318000001	4980	correct
2070311	2070426	1	116	FQ312003.1	contig_319000001	96.55		True
unknown
2070412	2070478	738	804	FQ312003.1	contig_319000001	100.0		True
unknown
CONTIG	contig_319000001	804	mis_unaligned
2392089	2393203	1	1115	FQ312003.1	contig_320000001	100.0		True
CONTIG	contig_320000001	1115	correct
1069292	1070365	1074	1	FQ312003.1	contig_321000001	100.0		True
CONTIG	contig_321000001	1074	correct
2671758	2673822	2065	1	FQ312003.1	contig_322000001	99.95		True
CONTIG	contig_322000001	2065	correct
4267872	4268337	466	1	FQ312003.1	contig_323000001	99.79		True
inversion
4267872	4268661	467	1256	FQ312003.1	contig_323000001	99.87		True
CONTIG	contig_323000001	1256	misassembled
3293231	3295759	1	2529	FQ312003.1	contig_324000001	99.92		True
CONTIG	contig_324000001	2529	correct
1291225	1293400	2176	1	FQ312003.1	contig_325000001	100.0		True
CONTIG	contig_325000001	2176	correct
788744	788974	231	1	FQ312003.1	contig_326000001	100.0		True
inversion
788744	789391	232	879	FQ312003.1	contig_326000001	100.0		True
CONTIG	contig_326000001	879	misassembled
116336	117435	1100	1	FQ312003.1	contig_327000001	99.91		True
CONTIG	contig_327000001	1100	correct
2339932	2341007	1076	1	FQ312003.1	contig_328000001	100.0		True
CONTIG	contig_328000001	1076	correct
613875	616129	2255	1	FQ312003.1	contig_329000001	99.91		True
CONTIG	contig_329000001	2255	correct
3337714	3338332	1	619	FQ312003.1	contig_330000001	100.0		True
inversion
3337714	3338332	1238	620	FQ312003.1	contig_330000001	100.0		True
CONTIG	contig_330000001	1238	misassembled
2761623	2762693	1	1071	FQ312003.1	contig_331000001	98.88		True
CONTIG	contig_331000001	1071	correct
3485959	3487254	1	1296	FQ312003.1	contig_332000001	100.0		True
CONTIG	contig_332000001	1296	correct
117399	118012	1	614	FQ312003.1	contig_333000001	100.0		True
CONTIG	contig_333000001	614	correct
287324	288987	1	1664	FQ312003.1	contig_334000001	99.94		True
CONTIG	contig_334000001	1664	correct
CONTIG	contig_335000001	1038	unaligned
786647	788271	1625	1	FQ312003.1	contig_336000001	100.0		True
CONTIG	contig_336000001	1625	correct
1056600	1057380	781	1	FQ312003.1	contig_337000001	99.87		True
inversion
1056600	1057380	782	1562	FQ312003.1	contig_337000001	99.62		True
CONTIG	contig_337000001	1562	misassembled
CONTIG	contig_338000001	3691	unaligned
1282465	1283247	1	783	FQ312003.1	contig_339000001	100.0		True
inversion
1282465	1283247	1566	784	FQ312003.1	contig_339000001	100.0		True
CONTIG	contig_339000001	1566	misassembled
1576086	1576864	779	1	FQ312003.1	contig_340000001	100.0		True
CONTIG	contig_340000001	779	correct
1555807	1556759	953	1	FQ312003.1	contig_341000001	100.0		True
CONTIG	contig_341000001	953	correct
4071132	4074670	1	3542	FQ312003.1	contig_342000001	99.86		True
CONTIG	contig_342000001	3542	correct
3371583	3372333	1	754	FQ312003.1	contig_343000001	99.6		True
inversion
3371147	3372331	1942	755	FQ312003.1	contig_343000001	99.75		True
CONTIG	contig_343000001	1942	misassembled
785867	786670	1	804	FQ312003.1	contig_344000001	100.0		True
CONTIG	contig_344000001	804	correct
2061188	2061969	782	1	FQ312003.1	contig_346000001	100.0		True
CONTIG	contig_346000001	782	correct
2473681	2475272	1592	1	FQ312003.1	contig_347000001	100.0		True
CONTIG	contig_347000001	1592	correct
2043116	2043696	1	581	FQ312003.1	contig_349000001	99.66		True
CONTIG	contig_349000001	581	correct
2163765	2164486	722	1	FQ312003.1	contig_350000001	100.0		True
CONTIG	contig_350000001	722	correct
4510220	4510900	1	681	FQ312003.1	contig_352000001	100.0		True
CONTIG	contig_352000001	681	correct
1608093	1609088	1	996	FQ312003.1	contig_353000001	100.0		True
CONTIG	contig_353000001	996	correct
1603074	1607489	1	4416	FQ312003.1	contig_354000001	100.0		True
CONTIG	contig_354000001	4416	correct
237012	237939	1	927	FQ312003.1	contig_355000001	99.89		True
CONTIG	contig_355000001	927	correct
856596	857342	1	747	FQ312003.1	contig_357000001	100.0		True
CONTIG	contig_357000001	747	correct
2728066	2728383	1	318	FQ312003.1	contig_358000001	100.0		True
inversion
2727599	2728383	1103	319	FQ312003.1	contig_358000001	100.0		True
CONTIG	contig_358000001	1103	misassembled
1341213	1342980	1	1768	FQ312003.1	contig_359000001	100.0		True
CONTIG	contig_359000001	1768	correct
2726631	2727871	1241	1	FQ312003.1	contig_360000001	100.0		True
CONTIG	contig_360000001	1241	correct
3539638	3540252	615	1	FQ312003.1	contig_362000001	100.0		True
CONTIG	contig_362000001	615	correct
1576656	1577188	533	1	FQ312003.1	contig_363000001	100.0		True
CONTIG	contig_363000001	533	correct
1131695	1132287	1	593	FQ312003.1	contig_366000001	100.0		True
CONTIG	contig_366000001	593	correct
1914231	1915712	1	1482	FQ312003.1	contig_367000001	100.0		True
CONTIG	contig_367000001	1482	correct
CONTIG	contig_368000001	627	unaligned
1367585	1368309	1	725	FQ312003.1	contig_369000001	99.86		True
inversion
1368143	1368337	920	726	FQ312003.1	contig_369000001	100.0		True
CONTIG	contig_369000001	920	misassembled
1609056	1609757	702	1	FQ312003.1	contig_370000001	100.0		True
CONTIG	contig_370000001	702	correct
2066383	2067225	843	1	FQ312003.1	contig_371000001	99.29		True
CONTIG	contig_371000001	843	correct
1323946	1325133	1188	1	FQ312003.1	contig_373000001	100.0		True
CONTIG	contig_373000001	1188	correct
3289235	3290781	1547	1	FQ312003.1	contig_375000001	100.0		True
CONTIG	contig_375000001	1547	correct
2068719	2069481	763	1	FQ312003.1	contig_376000001	99.34		True
CONTIG	contig_376000001	763	correct
CONTIG	contig_379000001	666	unaligned
652187	653122	1	936	FQ312003.1	contig_381000001	100.0		True
inversion
652187	653122	1872	937	FQ312003.1	contig_381000001	100.0		True
CONTIG	contig_381000001	1872	misassembled
983976	984636	1	661	FQ312003.1	contig_384000001	100.0		True
CONTIG	contig_384000001	661	correct
2062219	2062285	606	672	FQ312003.1	contig_387000001	98.51		True
CONTIG	contig_387000001	672	correct_unaligned
1722283	1723467	1	1185	FQ312003.1	contig_388000001	100.0		True
CONTIG	contig_388000001	1185	correct
1092480	1093451	972	1	FQ312003.1	contig_394000001	98.97		True
CONTIG	contig_394000001	972	correct
996119	996676	62	619	FQ312003.1	contig_401000001	99.1		True
CONTIG	contig_401000001	619	correct
2925911	2926270	1	360	FQ312003.1	contig_403000001	100.0		True
inversion
2925911	2926268	718	361	FQ312003.1	contig_403000001	100.0		True
CONTIG	contig_403000001	718	misassembled
1066064	1066573	1	510	FQ312003.1	contig_415000001	100.0		True
CONTIG	contig_415000001	510	correct
831170	831861	1	692	FQ312003.1	contig_440000001	99.57		True
CONTIG	contig_440000001	692	correct
1229323	1231974	2652	1	FQ312003.1	contig_443000001	100.0		True
CONTIG	contig_443000001	2652	correct
2194816	2199194	1	4379	FQ312003.1	contig_444000001	99.98		True
CONTIG	contig_444000001	4379	correct
111436	116233	4798	1	FQ312003.1	contig_445000001	99.98		True
CONTIG	contig_445000001	4798	correct
4856648	4861975	1	5328	FQ312003.1	contig_446000001	99.96		True
CONTIG	contig_446000001	5328	correct
4277391	4281622	4232	1	FQ312003.1	contig_447000001	100.0		True
CONTIG	contig_447000001	4232	correct
351048	355464	1	4417	FQ312003.1	contig_448000001	100.0		True
CONTIG	contig_448000001	4417	correct
3111872	3116380	4509	1	FQ312003.1	contig_449000001	99.96		True
CONTIG	contig_449000001	4509	correct
3296160	3301139	1	4980	FQ312003.1	contig_450000001	99.96		True
CONTIG	contig_450000001	4980	correct
3145484	3147771	2288	1	FQ312003.1	contig_451000001	100.0		True
CONTIG	contig_451000001	2288	correct
3426916	3431208	4293	1	FQ312003.1	contig_452000001	100.0		True
CONTIG	contig_452000001	4293	correct
3196898	3202056	1	5159	FQ312003.1	contig_453000001	99.96		True
CONTIG	contig_453000001	5159	correct
2158400	2163850	1	5451	FQ312003.1	contig_454000001	100.0		True
CONTIG	contig_454000001	5451	correct
95616	101417	1	5802	FQ312003.1	contig_455000001	99.95		True
CONTIG	contig_455000001	5802	correct
3117919	3123047	1	5129	FQ312003.1	contig_456000001	99.98		True
CONTIG	contig_456000001	5129	correct
3435451	3442114	1	6664	FQ312003.1	contig_457000001	100.0		True
CONTIG	contig_457000001	6664	correct
2103047	2108300	1	5254	FQ312003.1	contig_458000001	99.92		True
CONTIG	contig_458000001	5254	correct
3626654	3632654	1	6001	FQ312003.1	contig_459000001	99.98		True
CONTIG	contig_459000001	6001	correct
2374887	2379166	1	4280	FQ312003.1	contig_460000001	99.98		True
CONTIG	contig_460000001	4280	correct
3736750	3745845	9097	1	FQ312003.1	contig_461000001	99.93		True
CONTIG	contig_461000001	9097	correct
189338	198077	8740	1	FQ312003.1	contig_462000001	99.98		True
CONTIG	contig_462000001	8740	correct
2929173	2933677	4505	1	FQ312003.1	contig_463000001	99.98		True
CONTIG	contig_463000001	4505	correct
1836731	1842902	6172	1	FQ312003.1	contig_464000001	99.98		True
CONTIG	contig_464000001	6172	correct
3229902	3235813	5912	1	FQ312003.1	contig_465000001	100.0		True
CONTIG	contig_465000001	5912	correct
972175	977275	1	5101	FQ312003.1	contig_466000001	99.96		True
CONTIG	contig_466000001	5101	correct
4050794	4057089	6296	1	FQ312003.1	contig_467000001	99.98		True
CONTIG	contig_467000001	6296	correct
117951	122942	1	4992	FQ312003.1	contig_468000001	100.0		True
CONTIG	contig_468000001	4992	correct
1115084	1122340	7257	1	FQ312003.1	contig_469000001	99.99		True
CONTIG	contig_469000001	7257	correct
1132969	1140393	7425	1	FQ312003.1	contig_470000001	99.99		True
CONTIG	contig_470000001	7425	correct
66694	73763	1	7067	FQ312003.1	contig_471000001	99.93		True
CONTIG	contig_471000001	7067	correct
1342127	1346353	4227	1	FQ312003.1	contig_472000001	100.0		True
inversion
1342120	1342980	4228	5088	FQ312003.1	contig_472000001	100.0		True
CONTIG	contig_472000001	5088	misassembled
3509356	3518277	8922	1	FQ312003.1	contig_473000001	99.97		True
CONTIG	contig_473000001	8922	correct
4039861	4047042	1	7182	FQ312003.1	contig_474000001	100.0		True
CONTIG	contig_474000001	7182	correct
1263478	1270935	7458	1	FQ312003.1	contig_475000001	99.99		True
CONTIG	contig_475000001	7458	correct
2569328	2576966	1	7639	FQ312003.1	contig_476000001	99.96		True
CONTIG	contig_476000001	7639	correct
CONTIG	contig_477000001	7026	unaligned
2211736	2217679	5944	1	FQ312003.1	contig_478000001	100.0		True
CONTIG	contig_478000001	5944	correct
1967554	1976973	9420	1	FQ312003.1	contig_479000001	99.98		True
CONTIG	contig_479000001	9420	correct
884459	893769	1	9305	FQ312003.1	contig_480000001	99.92		True
CONTIG	contig_480000001	9305	correct
4707270	4712767	1	5498	FQ312003.1	contig_481000001	100.0		True
CONTIG	contig_481000001	5498	correct
1481160	1486406	1	5247	FQ312003.1	contig_482000001	99.98		True
relocation, inconsistency = -1412
1484995	1486406	6659	5248	FQ312003.1	contig_482000001	99.93		True
CONTIG	contig_482000001	6659	misassembled
360224	368349	1	8126	FQ312003.1	contig_483000001	99.98		True
CONTIG	contig_483000001	8126	correct
179621	189885	1	10265	FQ312003.1	contig_484000001	99.99		True
CONTIG	contig_484000001	10265	correct
757359	765652	1	8294	FQ312003.1	contig_485000001	99.99		True
CONTIG	contig_485000001	8294	correct
372745	380569	1	7825	FQ312003.1	contig_486000001	99.96		True
CONTIG	contig_486000001	7825	correct
2620036	2628443	8408	1	FQ312003.1	contig_487000001	99.98		True
CONTIG	contig_487000001	8408	correct
1698293	1712487	1	14195	FQ312003.1	contig_488000001	99.99		True
CONTIG	contig_488000001	14195	correct
2684694	2692498	1	7805	FQ312003.1	contig_489000001	100.0		True
CONTIG	contig_489000001	7805	correct
856992	868289	1	11298	FQ312003.1	contig_490000001	99.97		True
CONTIG	contig_490000001	11298	correct
2184550	2193335	1	8786	FQ312003.1	contig_491000001	99.97		True
CONTIG	contig_491000001	8786	correct
1488957	1499449	1	10493	FQ312003.1	contig_492000001	99.99		True
CONTIG	contig_492000001	10493	correct
910806	921728	1	10923	FQ312003.1	contig_493000001	99.99		True
CONTIG	contig_493000001	10923	correct
279953	287218	1	7266	FQ312003.1	contig_494000001	99.99		True
relocation, inconsistency = -1706
285513	287218	8972	7267	FQ312003.1	contig_494000001	100.0		True
CONTIG	contig_494000001	8972	misassembled
765739	774144	1	8406	FQ312003.1	contig_495000001	99.98		True
CONTIG	contig_495000001	8406	correct
4330849	4347195	16347	1	FQ312003.1	contig_496000001	99.98		True
inversion
4330849	4331511	16348	17010	FQ312003.1	contig_496000001	100.0		True
CONTIG	contig_496000001	17010	misassembled
4059381	4069422	10042	1	FQ312003.1	contig_497000001	99.97		True
CONTIG	contig_497000001	10042	correct
2695708	2708498	1	12791	FQ312003.1	contig_498000001	99.96		True
CONTIG	contig_498000001	12791	correct
2980174	2992001	1	11828	FQ312003.1	contig_499000001	99.98		True
CONTIG	contig_499000001	11828	correct
3746878	3758338	11461	1	FQ312003.1	contig_500000001	99.98		True
CONTIG	contig_500000001	11461	correct
4498635	4507862	1	9228	FQ312003.1	contig_501000001	99.99		True
CONTIG	contig_501000001	9228	correct
656	14217	13562	1	FQ312003.1	contig_502000001	99.98		True
CONTIG	contig_502000001	13562	correct
1814728	1824335	1	9608	FQ312003.1	contig_503000001	99.97		True
CONTIG	contig_503000001	9608	correct
237596	251222	1	13627	FQ312003.1	contig_504000001	99.99		True
CONTIG	contig_504000001	13627	correct
2217489	2236674	19176	1	FQ312003.1	contig_505000001	99.93		True
CONTIG	contig_505000001	19176	correct
3678605	3693303	14699	1	FQ312003.1	contig_506000001	99.99		True
CONTIG	contig_506000001	14699	correct
1016986	1029519	1	12534	FQ312003.1	contig_507000001	99.97		True
CONTIG	contig_507000001	12534	correct
3492088	3509428	1	17342	FQ312003.1	contig_508000001	99.98		True
CONTIG	contig_508000001	17342	correct
3560444	3573857	13414	1	FQ312003.1	contig_509000001	99.99		True
CONTIG	contig_509000001	13414	correct
1239827	1253121	13295	1	FQ312003.1	contig_510000001	99.98		True
CONTIG	contig_510000001	13295	correct
3940325	3962508	22184	1	FQ312003.1	contig_511000001	99.98		True
CONTIG	contig_511000001	22184	correct
4585265	4585789	1	525	FQ312003.1	contig_512000001	100.0		True
inversion
4566907	4585789	19408	526	FQ312003.1	contig_512000001	99.97		True
CONTIG	contig_512000001	19408	misassembled
4126845	4148616	1	21771	FQ312003.1	contig_513000001	99.98		True
CONTIG	contig_513000001	21771	correct
3390249	3412966	1	22718	FQ312003.1	contig_514000001	99.98		True
CONTIG	contig_514000001	22719	correct
621524	629118	1	7595	FQ312003.1	contig_515000001	99.99		True
CONTIG	contig_515000001	7595	correct
1219421	1229334	1	9914	FQ312003.1	contig_516000001	99.97		True
CONTIG	contig_516000001	9914	correct
1982614	1992583	9970	1	FQ312003.1	contig_517000001	99.97		True
CONTIG	contig_517000001	9970	correct
1141343	1148580	7238	1	FQ312003.1	contig_518000001	99.97		True
CONTIG	contig_518000001	7238	correct
1507170	1515600	8431	1	FQ312003.1	contig_519000001	99.98		True
CONTIG	contig_519000001	8431	correct
334378	335390	1013	1	FQ312003.1	contig_520000001	100.0		True
local misassembly
325678	334383	10211	1506	FQ312003.1	contig_520000001	99.98		True
CONTIG	contig_520000001	10211	correct
3356361	3359834	1	3474	FQ312003.1	contig_521000001	100.0		True
relocation, inconsistency = -1409
3358426	3359834	4883	3475	FQ312003.1	contig_521000001	100.0		True
CONTIG	contig_521000001	4883	misassembled
1254007	1264329	10323	1	FQ312003.1	contig_522000001	99.97		True
CONTIG	contig_522000001	10323	correct
4728908	4740975	1	12068	FQ312003.1	contig_523000001	99.99		True
CONTIG	contig_523000001	12068	correct
4756246	4774039	17794	1	FQ312003.1	contig_524000001	99.99		True
CONTIG	contig_524000001	17794	correct
2631891	2648632	16742	1	FQ312003.1	contig_525000001	99.98		True
CONTIG	contig_525000001	16742	correct
3356361	3371491	15131	1	FQ312003.1	contig_526000001	99.99		True
CONTIG	contig_526000001	15131	correct
2199188	2211954	12767	1	FQ312003.1	contig_527000001	99.99		True
inversion
2199188	2199507	12768	13087	FQ312003.1	contig_527000001	100.0		True
CONTIG	contig_527000001	13087	misassembled
1457718	1479446	1	21729	FQ312003.1	contig_528000001	99.99		True
CONTIG	contig_528000001	21729	correct
4527022	4541875	1	14854	FQ312003.1	contig_529000001	99.97		True
CONTIG	contig_529000001	14854	correct
3049879	3068507	18629	1	FQ312003.1	contig_530000001	99.99		True
CONTIG	contig_530000001	18629	correct
1576975	1582094	1	5117	FQ312003.1	contig_531000001	99.92		True
local misassembly
1582725	1593516	5118	15909	FQ312003.1	contig_531000001	99.97		True
CONTIG	contig_531000001	15909	correct
1876404	1894045	17642	1	FQ312003.1	contig_532000001	99.99		True
CONTIG	contig_532000001	17642	correct
4806817	4821392	1	14576	FQ312003.1	contig_533000001	99.99		True
CONTIG	contig_533000001	14576	correct
4644784	4667623	1	22841	FQ312003.1	contig_534000001	99.97		True
inversion
4666694	4667623	23771	22842	FQ312003.1	contig_534000001	100.0		True
CONTIG	contig_534000001	23771	misassembled
1408613	1425512	16900	1	FQ312003.1	contig_535000001	99.99		True
CONTIG	contig_535000001	16900	correct
4432171	4442529	1	10349	FQ312003.1	contig_536000001	99.89		True
relocation, inconsistency = -10359
4432171	4442529	20698	10350	FQ312003.1	contig_536000001	99.89		True
CONTIG	contig_536000001	20698	misassembled
390708	395548	4841	1	FQ312003.1	contig_537000001	100.0		True
local misassembly
390910	391059	5341	5192	FQ312003.1	contig_537000001	100.0		True
CONTIG	contig_537000001	5341	correct
386254	391059	1	4806	FQ312003.1	contig_538000001	100.0		True
local misassembly
390708	390976	5157	5425	FQ312003.1	contig_538000001	100.0		True
CONTIG	contig_538000001	5425	correct
